complaint_id,labeler_name,complaint_category,created_at
11333660,deepseek__chat-temp0,deceptive_discriminatory,2026-04-24T15:02:15.138929+00:00
11343508,deepseek__chat-temp0,improper_process,2026-04-24T15:01:35.351826+00:00
11349436,deepseek__chat-temp0,improper_process,2026-04-24T15:02:33.815434+00:00
11352476,deepseek__chat-temp0,improper_process,2026-04-24T15:01:57.376471+00:00
11352902,deepseek__chat-temp0,improper_process,2026-04-24T15:02:01.342960+00:00
11352953,deepseek__chat-temp0,deceptive_discriminatory,2026-04-24T15:02:17.779164+00:00
11384698,deepseek__chat-temp0,improper_charges,2026-04-24T15:01:48.175326+00:00
11385028,deepseek__chat-temp0,improper_charges,2026-04-24T15:01:42.997045+00:00
11386695,deepseek__chat-temp0,improper_charges,2026-04-24T15:02:17.776872+00:00
11389746,deepseek__chat-temp0,improper_charges,2026-04-24T15:01:45.435451+00:00
11389752,deepseek__chat-temp0,improper_charges,2026-04-24T15:01:49.509142+00:00
11389795,deepseek__chat-temp0,improper_charges,2026-04-24T15:02:25.354871+00:00
11391542,deepseek__chat-temp0,improper_process,2026-04-24T15:01:53.320261+00:00
11401223,deepseek__chat-temp0,deceptive_discriminatory,2026-04-24T15:01:59.750053+00:00
11401851,deepseek__chat-temp0,deceptive_discriminatory,2026-04-24T15:02:00.839254+00:00
11410111,deepseek__chat-temp0,improper_process,2026-04-24T15:01:59.555408+00:00
11411165,deepseek__chat-temp0,deceptive_discriminatory,2026-04-24T15:02:16.319925+00:00
11414280,deepseek__chat-temp0,improper_charges,2026-04-24T15:01:42.919608+00:00
11428232,deepseek__chat-temp0,improper_charges,2026-04-24T15:01:35.670750+00:00
11428519,deepseek__chat-temp0,improper_process,2026-04-24T15:02:19.906103+00:00
11433091,deepseek__chat-temp0,improper_charges,2026-04-24T15:02:36.401370+00:00
11437903,deepseek__chat-temp0,improper_charges,2026-04-24T15:01:58.641023+00:00
11442840,deepseek__chat-temp0,improper_charges,2026-04-24T15:01:50.649314+00:00
11450037,deepseek__chat-temp0,deceptive_discriminatory,2026-04-24T15:02:21.237069+00:00
11452854,deepseek__chat-temp0,improper_process,2026-04-24T15:02:15.677861+00:00
11455052,deepseek__chat-temp0,deceptive_discriminatory,2026-04-24T15:02:33.213955+00:00
11455678,deepseek__chat-temp0,improper_process,2026-04-24T15:02:11.217415+00:00
11465631,deepseek__chat-temp0,improper_process,2026-04-24T15:02:02.621594+00:00
11466371,deepseek__chat-temp0,improper_process,2026-04-24T15:01:39.262982+00:00
11466600,deepseek__chat-temp0,improper_charges,2026-04-24T15:01:40.070968+00:00
11468296,deepseek__chat-temp0,improper_charges,2026-04-24T15:01:40.602455+00:00
11471832,deepseek__chat-temp0,improper_process,2026-04-24T15:02:25.871407+00:00
11472493,deepseek__chat-temp0,improper_charges,2026-04-24T15:02:25.870675+00:00
11479617,deepseek__chat-temp0,improper_charges,2026-04-24T15:01:49.224999+00:00
11498537,deepseek__chat-temp0,improper_charges,2026-04-24T15:02:29.194539+00:00
11503359,deepseek__chat-temp0,improper_process,2026-04-24T15:01:44.007133+00:00
11519020,deepseek__chat-temp0,deceptive_discriminatory,2026-04-24T15:02:08.493665+00:00
11522131,deepseek__chat-temp0,deceptive_discriminatory,2026-04-24T15:01:49.243337+00:00
11551907,deepseek__chat-temp0,improper_charges,2026-04-24T15:02:30.642052+00:00
11575022,deepseek__chat-temp0,improper_charges,2026-04-24T15:01:40.601855+00:00
11593109,deepseek__chat-temp0,improper_process,2026-04-24T15:02:19.986578+00:00
11596070,deepseek__chat-temp0,improper_process,2026-04-24T15:01:39.284478+00:00
11601734,deepseek__chat-temp0,improper_process,2026-04-24T15:01:36.739693+00:00
11634807,deepseek__chat-temp0,improper_process,2026-04-24T14:59:40.114104+00:00
11638311,deepseek__chat-temp0,deceptive_discriminatory,2026-04-24T15:01:44.430828+00:00
11651442,deepseek__chat-temp0,improper_process,2026-04-24T15:02:15.007676+00:00
11653905,deepseek__chat-temp0,improper_process,2026-04-24T15:02:11.499892+00:00
11682130,deepseek__chat-temp0,improper_charges,2026-04-24T15:01:42.790224+00:00
11685621,deepseek__chat-temp0,improper_charges,2026-04-24T15:01:48.079586+00:00
11691460,deepseek__chat-temp0,improper_process,2026-04-24T15:02:07.241795+00:00
11706286,deepseek__chat-temp0,improper_charges,2026-04-24T15:01:50.859406+00:00
11707658,deepseek__chat-temp0,deceptive_discriminatory,2026-04-24T15:01:52.130432+00:00
11716590,deepseek__chat-temp0,improper_process,2026-04-24T15:02:09.634499+00:00
11718118,deepseek__chat-temp0,improper_process,2026-04-24T15:02:15.045022+00:00
11720286,deepseek__chat-temp0,improper_charges,2026-04-24T15:01:41.738034+00:00
11720589,deepseek__chat-temp0,improper_process,2026-04-24T15:02:10.314333+00:00
11727292,deepseek__chat-temp0,improper_charges,2026-04-24T15:02:22.544012+00:00
11731528,deepseek__chat-temp0,improper_process,2026-04-24T15:02:14.764329+00:00
11742198,deepseek__chat-temp0,improper_process,2026-04-24T15:01:56.054177+00:00
11742235,deepseek__chat-temp0,improper_process,2026-04-24T14:59:40.097551+00:00
11767791,deepseek__chat-temp0,improper_charges,2026-04-24T15:02:19.993987+00:00
11774684,deepseek__chat-temp0,improper_charges,2026-04-24T15:01:54.402893+00:00
11791676,deepseek__chat-temp0,improper_process,2026-04-24T15:02:32.399461+00:00
11796802,deepseek__chat-temp0,improper_process,2026-04-24T15:01:39.200311+00:00
11802320,deepseek__chat-temp0,improper_charges,2026-04-24T15:01:41.169473+00:00
11809341,deepseek__chat-temp0,improper_process,2026-04-24T15:02:03.508468+00:00
11822134,deepseek__chat-temp0,improper_process,2026-04-24T15:02:03.354893+00:00
11823240,deepseek__chat-temp0,improper_process,2026-04-24T15:01:50.831138+00:00
11824367,deepseek__chat-temp0,improper_process,2026-04-24T15:02:16.964289+00:00
11826614,deepseek__chat-temp0,improper_process,2026-04-24T15:01:35.586439+00:00
11832565,deepseek__chat-temp0,improper_process,2026-04-24T15:01:53.235309+00:00
11848481,deepseek__chat-temp0,improper_charges,2026-04-24T15:01:56.502117+00:00
11856132,deepseek__chat-temp0,improper_charges,2026-04-24T15:02:13.656860+00:00
11868297,deepseek__chat-temp0,improper_charges,2026-04-24T15:02:20.138724+00:00
11869185,deepseek__chat-temp0,improper_process,2026-04-24T15:02:30.307777+00:00
11870784,deepseek__chat-temp0,improper_process,2026-04-24T15:02:33.826455+00:00
11871327,deepseek__chat-temp0,improper_charges,2026-04-24T15:02:14.730121+00:00
11874614,deepseek__chat-temp0,improper_charges,2026-04-24T15:01:41.840386+00:00
11889682,deepseek__chat-temp0,improper_charges,2026-04-24T15:02:05.069762+00:00
11893799,deepseek__chat-temp0,improper_process,2026-04-24T15:02:28.044379+00:00
11911670,deepseek__chat-temp0,improper_process,2026-04-24T15:02:32.686481+00:00
11913076,deepseek__chat-temp0,deceptive_discriminatory,2026-04-24T15:01:57.232802+00:00
11914519,deepseek__chat-temp0,improper_charges,2026-04-24T15:02:17.488702+00:00
11916711,deepseek__chat-temp0,improper_process,2026-04-24T15:02:09.036503+00:00
11924703,deepseek__chat-temp0,improper_charges,2026-04-24T15:02:13.812688+00:00
11930190,deepseek__chat-temp0,deceptive_discriminatory,2026-04-24T15:01:39.377660+00:00
11931735,deepseek__chat-temp0,improper_charges,2026-04-24T15:01:53.708026+00:00
11941304,deepseek__chat-temp0,improper_process,2026-04-24T15:02:21.339679+00:00
11944490,deepseek__chat-temp0,improper_process,2026-04-24T15:02:07.176855+00:00
11951733,deepseek__chat-temp0,improper_charges,2026-04-24T15:01:39.215943+00:00
11964312,deepseek__chat-temp0,improper_charges,2026-04-24T15:02:29.069829+00:00
11966657,deepseek__chat-temp0,improper_charges,2026-04-24T15:02:04.915194+00:00
11972763,deepseek__chat-temp0,improper_charges,2026-04-24T15:01:46.728152+00:00
11976040,deepseek__chat-temp0,improper_process,2026-04-24T15:01:57.570750+00:00
11976464,deepseek__chat-temp0,deceptive_discriminatory,2026-04-24T15:02:12.525848+00:00
11981359,deepseek__chat-temp0,improper_process,2026-04-24T15:02:34.371637+00:00
11994823,deepseek__chat-temp0,improper_process,2026-04-24T15:02:15.924893+00:00
12000232,deepseek__chat-temp0,improper_charges,2026-04-24T15:02:18.854193+00:00
12003464,deepseek__chat-temp0,improper_charges,2026-04-24T15:01:51.085462+00:00
12013129,deepseek__chat-temp0,improper_process,2026-04-24T15:01:44.143377+00:00
12017829,deepseek__chat-temp0,deceptive_discriminatory,2026-04-24T14:59:40.147355+00:00
12019568,deepseek__chat-temp0,improper_charges,2026-04-24T15:01:52.130689+00:00
12019692,deepseek__chat-temp0,improper_charges,2026-04-24T15:02:36.017204+00:00
12021298,deepseek__chat-temp0,improper_process,2026-04-24T15:02:30.307540+00:00
12022499,deepseek__chat-temp0,improper_charges,2026-04-24T15:01:53.514142+00:00
12023953,deepseek__chat-temp0,improper_charges,2026-04-24T15:01:44.586744+00:00
12028578,deepseek__chat-temp0,improper_process,2026-04-24T15:01:50.161925+00:00
12038412,deepseek__chat-temp0,improper_process,2026-04-24T15:01:58.130950+00:00
12051412,deepseek__chat-temp0,improper_charges,2026-04-24T15:02:09.682186+00:00
12054372,deepseek__chat-temp0,improper_charges,2026-04-24T15:01:39.222510+00:00
12059449,deepseek__chat-temp0,deceptive_discriminatory,2026-04-24T15:02:02.134113+00:00
12071097,deepseek__chat-temp0,improper_charges,2026-04-24T15:01:41.756143+00:00
12090909,deepseek__chat-temp0,improper_process,2026-04-24T15:01:46.885988+00:00
12100609,deepseek__chat-temp0,deceptive_discriminatory,2026-04-24T15:02:21.490226+00:00
12102243,deepseek__chat-temp0,improper_process,2026-04-24T15:02:28.131062+00:00
12103287,deepseek__chat-temp0,deceptive_discriminatory,2026-04-24T14:59:40.222379+00:00
12107841,deepseek__chat-temp0,improper_charges,2026-04-24T15:02:27.649646+00:00
12119764,deepseek__chat-temp0,deceptive_discriminatory,2026-04-24T15:01:57.011241+00:00
12126609,deepseek__chat-temp0,deceptive_discriminatory,2026-04-24T15:02:00.850965+00:00
12126622,deepseek__chat-temp0,improper_process,2026-04-24T14:59:40.060779+00:00
12131233,deepseek__chat-temp0,improper_charges,2026-04-24T15:01:55.950154+00:00
12135137,deepseek__chat-temp0,deceptive_discriminatory,2026-04-24T15:02:36.698471+00:00
12138007,deepseek__chat-temp0,improper_process,2026-04-24T15:02:02.493162+00:00
12138388,deepseek__chat-temp0,improper_charges,2026-04-24T15:02:24.204068+00:00
12139767,deepseek__chat-temp0,improper_process,2026-04-24T15:02:14.767689+00:00
12147768,deepseek__chat-temp0,improper_charges,2026-04-24T15:02:09.862549+00:00
12151870,deepseek__chat-temp0,improper_charges,2026-04-24T15:01:40.070638+00:00
12164886,deepseek__chat-temp0,improper_charges,2026-04-24T15:01:39.310371+00:00
12166343,deepseek__chat-temp0,improper_process,2026-04-24T15:01:42.933300+00:00
12183287,deepseek__chat-temp0,improper_charges,2026-04-24T15:01:49.534463+00:00
12193044,deepseek__chat-temp0,improper_charges,2026-04-24T15:02:24.613824+00:00
12220824,deepseek__chat-temp0,improper_process,2026-04-24T15:01:40.399978+00:00
12222853,deepseek__chat-temp0,improper_charges,2026-04-24T15:01:49.327488+00:00
12243071,deepseek__chat-temp0,improper_charges,2026-04-24T15:02:08.667987+00:00
12245465,deepseek__chat-temp0,improper_charges,2026-04-24T15:02:14.541134+00:00
12265086,deepseek__chat-temp0,improper_process,2026-04-24T15:02:02.089138+00:00
12270204,deepseek__chat-temp0,deceptive_discriminatory,2026-04-24T15:02:10.187474+00:00
12277172,deepseek__chat-temp0,improper_process,2026-04-24T15:02:36.043289+00:00
12297398,deepseek__chat-temp0,improper_charges,2026-04-24T15:01:56.887632+00:00
12314619,deepseek__chat-temp0,improper_charges,2026-04-24T15:02:13.389316+00:00
12314688,deepseek__chat-temp0,improper_charges,2026-04-24T15:02:30.167921+00:00
12323815,deepseek__chat-temp0,deceptive_discriminatory,2026-04-24T15:01:41.155234+00:00
12323970,deepseek__chat-temp0,improper_process,2026-04-24T15:02:23.780918+00:00
12329307,deepseek__chat-temp0,improper_charges,2026-04-24T15:01:58.787413+00:00
12332364,deepseek__chat-temp0,improper_charges,2026-04-24T15:02:13.946303+00:00
12341377,deepseek__chat-temp0,deceptive_discriminatory,2026-04-24T15:02:36.114778+00:00
12349846,deepseek__chat-temp0,improper_charges,2026-04-24T15:02:20.164211+00:00
12349984,deepseek__chat-temp0,improper_charges,2026-04-24T15:01:36.115954+00:00
12350348,deepseek__chat-temp0,improper_process,2026-04-24T15:01:50.784024+00:00
12365397,deepseek__chat-temp0,improper_charges,2026-04-24T15:02:06.673918+00:00
12366382,deepseek__chat-temp0,improper_charges,2026-04-24T15:02:19.056853+00:00
12367375,deepseek__chat-temp0,improper_process,2026-04-24T15:02:36.884988+00:00
12368440,deepseek__chat-temp0,improper_process,2026-04-24T15:02:29.545106+00:00
12384425,deepseek__chat-temp0,improper_process,2026-04-24T15:02:18.769067+00:00
12402909,deepseek__chat-temp0,improper_charges,2026-04-24T15:02:08.640678+00:00
12408616,deepseek__chat-temp0,improper_charges,2026-04-24T15:02:03.357678+00:00
12409264,deepseek__chat-temp0,improper_charges,2026-04-24T15:02:27.450043+00:00
12411531,deepseek__chat-temp0,improper_process,2026-04-24T15:02:03.039665+00:00
12413457,deepseek__chat-temp0,improper_process,2026-04-24T15:01:57.013904+00:00
12419844,deepseek__chat-temp0,improper_charges,2026-04-24T15:02:29.409382+00:00
12420096,deepseek__chat-temp0,improper_process,2026-04-24T15:01:50.607712+00:00
12447349,deepseek__chat-temp0,improper_charges,2026-04-24T15:01:41.854290+00:00
12451128,deepseek__chat-temp0,improper_process,2026-04-24T15:01:39.355598+00:00
12454425,deepseek__chat-temp0,improper_charges,2026-04-24T15:02:04.358391+00:00
12456486,deepseek__chat-temp0,improper_charges,2026-04-24T15:02:02.256535+00:00
12463292,deepseek__chat-temp0,improper_process,2026-04-24T15:01:38.187556+00:00
12486843,deepseek__chat-temp0,improper_process,2026-04-24T15:02:35.210436+00:00
12497140,deepseek__chat-temp0,improper_charges,2026-04-24T15:01:49.530853+00:00
12499018,deepseek__chat-temp0,improper_process,2026-04-24T15:01:44.558961+00:00
12501015,deepseek__chat-temp0,improper_charges,2026-04-24T15:01:58.422850+00:00
12501071,deepseek__chat-temp0,improper_process,2026-04-24T15:02:15.908872+00:00
12502572,deepseek__chat-temp0,improper_charges,2026-04-24T15:02:29.905614+00:00
12503272,deepseek__chat-temp0,improper_process,2026-04-24T15:01:39.179476+00:00
12507673,deepseek__chat-temp0,improper_charges,2026-04-24T15:02:35.602566+00:00
12508961,deepseek__chat-temp0,improper_process,2026-04-24T15:01:54.228741+00:00
12535022,deepseek__chat-temp0,improper_process,2026-04-24T15:02:31.145866+00:00
12537166,deepseek__chat-temp0,improper_process,2026-04-24T15:01:36.448106+00:00
12554943,deepseek__chat-temp0,improper_charges,2026-04-24T15:01:45.574614+00:00
12559400,deepseek__chat-temp0,improper_charges,2026-04-24T15:01:58.433577+00:00
12569382,deepseek__chat-temp0,improper_charges,2026-04-24T15:02:31.300614+00:00
12584925,deepseek__chat-temp0,improper_charges,2026-04-24T15:02:18.799267+00:00
12623596,deepseek__chat-temp0,improper_charges,2026-04-24T15:02:28.016493+00:00
12624818,deepseek__chat-temp0,improper_process,2026-04-24T15:01:36.725748+00:00
12651990,deepseek__chat-temp0,improper_charges,2026-04-24T15:02:36.502206+00:00
12654170,deepseek__chat-temp0,deceptive_discriminatory,2026-04-24T14:59:40.137576+00:00
12654706,deepseek__chat-temp0,improper_process,2026-04-24T15:02:11.014048+00:00
12658362,deepseek__chat-temp0,improper_charges,2026-04-24T15:01:50.612914+00:00
12658774,deepseek__chat-temp0,improper_charges,2026-04-24T15:01:44.265986+00:00
12659590,deepseek__chat-temp0,improper_charges,2026-04-24T15:01:52.130977+00:00
12670079,deepseek__chat-temp0,improper_charges,2026-04-24T15:02:25.109763+00:00
12684462,deepseek__chat-temp0,improper_charges,2026-04-24T15:02:03.351208+00:00
12688053,deepseek__chat-temp0,improper_charges,2026-04-24T15:02:06.540638+00:00
12689414,deepseek__chat-temp0,improper_process,2026-04-24T15:02:15.059261+00:00
12709190,deepseek__chat-temp0,deceptive_discriminatory,2026-04-24T15:01:40.600894+00:00
12722351,deepseek__chat-temp0,improper_charges,2026-04-24T15:02:34.274831+00:00
12730057,deepseek__chat-temp0,improper_charges,2026-04-24T15:02:24.106349+00:00
12750249,deepseek__chat-temp0,improper_charges,2026-04-24T15:01:58.422597+00:00
12765836,deepseek__chat-temp0,improper_process,2026-04-24T15:02:09.734347+00:00
12768623,deepseek__chat-temp0,improper_process,2026-04-24T15:02:10.180367+00:00
12772643,deepseek__chat-temp0,deceptive_discriminatory,2026-04-24T15:02:06.288805+00:00
12773820,deepseek__chat-temp0,deceptive_discriminatory,2026-04-24T15:01:59.578324+00:00
12785127,deepseek__chat-temp0,improper_charges,2026-04-24T15:02:28.633378+00:00
12801199,deepseek__chat-temp0,improper_process,2026-04-24T15:02:33.344423+00:00
12809459,deepseek__chat-temp0,improper_process,2026-04-24T15:02:36.011231+00:00
12813605,deepseek__chat-temp0,improper_charges,2026-04-24T15:01:55.659889+00:00
12820055,deepseek__chat-temp0,improper_process,2026-04-24T15:02:08.941679+00:00
12826333,deepseek__chat-temp0,improper_charges,2026-04-24T15:02:27.455950+00:00
12831361,deepseek__chat-temp0,improper_charges,2026-04-24T15:02:26.721901+00:00
12832561,deepseek__chat-temp0,deceptive_discriminatory,2026-04-24T15:02:18.330818+00:00
12843055,deepseek__chat-temp0,deceptive_discriminatory,2026-04-24T15:01:52.321092+00:00
12852228,deepseek__chat-temp0,deceptive_discriminatory,2026-04-24T15:01:42.171673+00:00
12852514,deepseek__chat-temp0,improper_process,2026-04-24T15:02:16.286380+00:00
12855049,deepseek__chat-temp0,improper_charges,2026-04-24T15:02:23.969763+00:00
12856474,deepseek__chat-temp0,improper_charges,2026-04-24T15:01:48.499714+00:00
12857585,deepseek__chat-temp0,improper_charges,2026-04-24T15:01:48.162873+00:00
12861607,deepseek__chat-temp0,deceptive_discriminatory,2026-04-24T15:02:11.523587+00:00
12867821,deepseek__chat-temp0,improper_charges,2026-04-24T15:02:32.362542+00:00
12882439,deepseek__chat-temp0,improper_process,2026-04-24T15:01:51.971819+00:00
12883263,deepseek__chat-temp0,improper_process,2026-04-24T15:01:52.228440+00:00
12887026,deepseek__chat-temp0,improper_charges,2026-04-24T15:01:52.683414+00:00
12890747,deepseek__chat-temp0,improper_process,2026-04-24T15:02:10.907122+00:00
12892025,deepseek__chat-temp0,improper_process,2026-04-24T15:02:09.594984+00:00
12912655,deepseek__chat-temp0,deceptive_discriminatory,2026-04-24T15:01:41.641658+00:00
12933172,deepseek__chat-temp0,improper_process,2026-04-24T15:02:07.353352+00:00
12933885,deepseek__chat-temp0,improper_charges,2026-04-24T15:02:07.869124+00:00
12938469,deepseek__chat-temp0,improper_charges,2026-04-24T15:02:02.253829+00:00
12948813,deepseek__chat-temp0,improper_charges,2026-04-24T15:02:20.522560+00:00
12951295,deepseek__chat-temp0,improper_process,2026-04-24T15:02:27.006994+00:00
12963301,deepseek__chat-temp0,improper_process,2026-04-24T15:01:59.490489+00:00
12971034,deepseek__chat-temp0,improper_process,2026-04-24T15:02:04.716591+00:00
12986789,deepseek__chat-temp0,improper_charges,2026-04-24T15:02:20.639608+00:00
12986830,deepseek__chat-temp0,improper_charges,2026-04-24T15:02:22.618614+00:00
12995119,deepseek__chat-temp0,improper_process,2026-04-24T15:02:19.582911+00:00
12997101,deepseek__chat-temp0,improper_charges,2026-04-24T15:02:30.908967+00:00
13000870,deepseek__chat-temp0,improper_process,2026-04-24T15:01:56.034280+00:00
13015485,deepseek__chat-temp0,improper_process,2026-04-24T15:02:33.012902+00:00
13015850,deepseek__chat-temp0,deceptive_discriminatory,2026-04-24T15:02:12.299623+00:00
13019112,deepseek__chat-temp0,improper_charges,2026-04-24T15:02:13.384616+00:00
13027323,deepseek__chat-temp0,improper_charges,2026-04-24T15:02:30.365123+00:00
13033003,deepseek__chat-temp0,deceptive_discriminatory,2026-04-24T15:01:55.286625+00:00
13043595,deepseek__chat-temp0,deceptive_discriminatory,2026-04-24T15:02:19.149104+00:00
13046202,deepseek__chat-temp0,improper_charges,2026-04-24T15:02:23.957773+00:00
13051130,deepseek__chat-temp0,improper_process,2026-04-24T15:01:49.649094+00:00
13059464,deepseek__chat-temp0,deceptive_discriminatory,2026-04-24T15:02:04.838897+00:00
13064809,deepseek__chat-temp0,improper_process,2026-04-24T15:01:35.461720+00:00
13074073,deepseek__chat-temp0,improper_charges,2026-04-24T15:02:27.212898+00:00
13074997,deepseek__chat-temp0,deceptive_discriminatory,2026-04-24T15:02:06.341150+00:00
13078312,deepseek__chat-temp0,improper_process,2026-04-24T15:01:54.379989+00:00
13084848,deepseek__chat-temp0,improper_process,2026-04-24T15:02:06.084003+00:00
13086479,deepseek__chat-temp0,improper_charges,2026-04-24T15:02:28.755934+00:00
13088313,deepseek__chat-temp0,improper_charges,2026-04-24T15:01:59.856125+00:00
13089058,deepseek__chat-temp0,improper_process,2026-04-24T15:01:59.290300+00:00
13110967,deepseek__chat-temp0,improper_charges,2026-04-24T15:02:34.438723+00:00
13113813,deepseek__chat-temp0,improper_charges,2026-04-24T15:02:09.106412+00:00
13116804,deepseek__chat-temp0,improper_charges,2026-04-24T15:01:48.253274+00:00
13117467,deepseek__chat-temp0,improper_process,2026-04-24T15:01:53.061340+00:00
13129271,deepseek__chat-temp0,deceptive_discriminatory,2026-04-24T14:59:40.209985+00:00
13133809,deepseek__chat-temp0,improper_charges,2026-04-24T15:02:21.167061+00:00
13136990,deepseek__chat-temp0,improper_charges,2026-04-24T15:01:40.254210+00:00
13143690,deepseek__chat-temp0,improper_charges,2026-04-24T15:01:35.601724+00:00
13158332,deepseek__chat-temp0,improper_charges,2026-04-24T15:02:13.165126+00:00
13159531,deepseek__chat-temp0,improper_charges,2026-04-24T15:02:25.353205+00:00
13193172,deepseek__chat-temp0,improper_process,2026-04-24T15:02:23.452355+00:00
13201708,deepseek__chat-temp0,improper_charges,2026-04-24T15:02:04.895459+00:00
13204303,deepseek__chat-temp0,improper_charges,2026-04-24T15:01:59.891153+00:00
13220607,deepseek__chat-temp0,improper_process,2026-04-24T15:02:30.588673+00:00
13221914,deepseek__chat-temp0,improper_charges,2026-04-24T15:02:20.765709+00:00
13222069,deepseek__chat-temp0,improper_charges,2026-04-24T15:02:34.787198+00:00
13230416,deepseek__chat-temp0,improper_process,2026-04-24T15:02:23.254618+00:00
13237213,deepseek__chat-temp0,deceptive_discriminatory,2026-04-24T15:01:58.310729+00:00
13245986,deepseek__chat-temp0,improper_charges,2026-04-24T15:01:57.391816+00:00
13248757,deepseek__chat-temp0,deceptive_discriminatory,2026-04-24T15:02:02.393727+00:00
13255548,deepseek__chat-temp0,deceptive_discriminatory,2026-04-24T15:02:24.455541+00:00
13268835,deepseek__chat-temp0,improper_process,2026-04-24T15:02:03.530092+00:00
13269014,deepseek__chat-temp0,deceptive_discriminatory,2026-04-24T15:02:15.115708+00:00
13271542,deepseek__chat-temp0,improper_process,2026-04-24T15:02:12.060974+00:00
13271550,deepseek__chat-temp0,deceptive_discriminatory,2026-04-24T15:02:08.546674+00:00
13276899,deepseek__chat-temp0,improper_charges,2026-04-24T15:02:22.204544+00:00
13277447,deepseek__chat-temp0,improper_charges,2026-04-24T15:02:16.515568+00:00
13281744,deepseek__chat-temp0,improper_process,2026-04-24T15:01:37.095638+00:00
13285907,deepseek__chat-temp0,improper_charges,2026-04-24T15:02:25.871853+00:00
13291594,deepseek__chat-temp0,improper_process,2026-04-24T15:02:25.754268+00:00
13297504,deepseek__chat-temp0,improper_charges,2026-04-24T15:02:21.860429+00:00
13298213,deepseek__chat-temp0,deceptive_discriminatory,2026-04-24T15:01:40.836673+00:00
13310605,deepseek__chat-temp0,deceptive_discriminatory,2026-04-24T15:02:35.904475+00:00
13312607,deepseek__chat-temp0,improper_charges,2026-04-24T15:02:12.426006+00:00
13318309,deepseek__chat-temp0,improper_process,2026-04-24T15:02:19.265556+00:00
13328571,deepseek__chat-temp0,improper_charges,2026-04-24T15:02:07.728754+00:00
13332784,deepseek__chat-temp0,improper_process,2026-04-24T15:02:17.236705+00:00
13334745,deepseek__chat-temp0,improper_process,2026-04-24T15:02:28.611687+00:00
13335515,deepseek__chat-temp0,improper_process,2026-04-24T15:02:34.988452+00:00
13348980,deepseek__chat-temp0,improper_process,2026-04-24T15:02:13.562363+00:00
13351575,deepseek__chat-temp0,improper_charges,2026-04-24T15:01:45.705202+00:00
13357175,deepseek__chat-temp0,improper_charges,2026-04-24T15:02:10.873666+00:00
13383649,deepseek__chat-temp0,improper_process,2026-04-24T15:02:09.575279+00:00
13385771,deepseek__chat-temp0,improper_process,2026-04-24T15:01:52.127876+00:00
13396957,deepseek__chat-temp0,improper_charges,2026-04-24T15:01:48.464658+00:00
13400651,deepseek__chat-temp0,improper_process,2026-04-24T15:02:37.213436+00:00
13418972,deepseek__chat-temp0,improper_charges,2026-04-24T15:01:54.465405+00:00
13428089,deepseek__chat-temp0,deceptive_discriminatory,2026-04-24T15:02:36.779753+00:00
13444129,deepseek__chat-temp0,improper_process,2026-04-24T15:02:08.407716+00:00
13464664,deepseek__chat-temp0,improper_charges,2026-04-24T15:01:44.407846+00:00
13485834,deepseek__chat-temp0,improper_process,2026-04-24T15:02:22.071905+00:00
13488117,deepseek__chat-temp0,improper_process,2026-04-24T15:02:08.997478+00:00
13497656,deepseek__chat-temp0,deceptive_discriminatory,2026-04-24T15:01:53.783564+00:00
13518075,deepseek__chat-temp0,improper_process,2026-04-24T15:02:24.709331+00:00
13522935,deepseek__chat-temp0,improper_process,2026-04-24T15:02:31.693097+00:00
13536172,deepseek__chat-temp0,improper_process,2026-04-24T15:01:39.385240+00:00
13549191,deepseek__chat-temp0,improper_process,2026-04-24T15:02:34.854772+00:00
13551332,deepseek__chat-temp0,improper_charges,2026-04-24T15:02:15.041139+00:00
13558826,deepseek__chat-temp0,improper_charges,2026-04-24T15:02:18.834212+00:00
13566099,deepseek__chat-temp0,improper_process,2026-04-24T14:59:40.238784+00:00
13568184,deepseek__chat-temp0,improper_process,2026-04-24T15:02:06.495401+00:00
13575816,deepseek__chat-temp0,improper_charges,2026-04-24T15:02:25.354249+00:00
13582981,deepseek__chat-temp0,improper_process,2026-04-24T15:02:26.985613+00:00
13583269,deepseek__chat-temp0,improper_process,2026-04-24T15:01:57.065112+00:00
13587481,deepseek__chat-temp0,improper_charges,2026-04-24T15:01:40.369962+00:00
13591849,deepseek__chat-temp0,improper_process,2026-04-24T15:02:21.679908+00:00
13592296,deepseek__chat-temp0,improper_charges,2026-04-24T15:02:08.490116+00:00
13600276,deepseek__chat-temp0,improper_process,2026-04-24T15:01:48.126365+00:00
13605248,deepseek__chat-temp0,improper_charges,2026-04-24T15:01:38.195833+00:00
13611491,deepseek__chat-temp0,improper_charges,2026-04-24T15:01:53.239137+00:00
13612977,deepseek__chat-temp0,improper_process,2026-04-24T15:01:49.409659+00:00
13619485,deepseek__chat-temp0,improper_process,2026-04-24T15:01:44.327806+00:00
13640445,deepseek__chat-temp0,deceptive_discriminatory,2026-04-24T15:01:56.049322+00:00
13643574,deepseek__chat-temp0,improper_charges,2026-04-24T15:01:36.962414+00:00
13658932,deepseek__chat-temp0,improper_charges,2026-04-24T15:02:12.498588+00:00
13667894,deepseek__chat-temp0,improper_charges,2026-04-24T15:02:20.779534+00:00
13668747,deepseek__chat-temp0,improper_process,2026-04-24T15:01:51.085101+00:00
13671978,deepseek__chat-temp0,improper_process,2026-04-24T15:01:53.748360+00:00
13698848,deepseek__chat-temp0,improper_charges,2026-04-24T15:02:18.601227+00:00
13734113,deepseek__chat-temp0,improper_charges,2026-04-24T15:02:17.727601+00:00
13735670,deepseek__chat-temp0,deceptive_discriminatory,2026-04-24T15:02:34.958680+00:00
13735994,deepseek__chat-temp0,improper_charges,2026-04-24T15:01:41.664333+00:00
13744389,deepseek__chat-temp0,improper_charges,2026-04-24T15:01:44.328028+00:00
13749179,deepseek__chat-temp0,improper_process,2026-04-24T15:02:23.126405+00:00
13750264,deepseek__chat-temp0,improper_process,2026-04-24T15:01:54.811311+00:00
13761075,deepseek__chat-temp0,improper_charges,2026-04-24T15:01:56.406625+00:00
13763469,deepseek__chat-temp0,deceptive_discriminatory,2026-04-24T15:02:17.125939+00:00
13765164,deepseek__chat-temp0,improper_charges,2026-04-24T15:01:54.751350+00:00
13792978,deepseek__chat-temp0,improper_process,2026-04-24T15:02:25.569218+00:00
13794116,deepseek__chat-temp0,improper_charges,2026-04-24T15:02:30.723087+00:00
13817860,deepseek__chat-temp0,improper_charges,2026-04-24T15:01:49.813561+00:00
13818373,deepseek__chat-temp0,improper_process,2026-04-24T15:01:36.749842+00:00
13819490,deepseek__chat-temp0,improper_charges,2026-04-24T15:02:01.913248+00:00
13822727,deepseek__chat-temp0,improper_process,2026-04-24T15:02:05.054061+00:00
13823002,deepseek__chat-temp0,improper_process,2026-04-24T15:01:57.539402+00:00
13825209,deepseek__chat-temp0,improper_process,2026-04-24T15:01:45.384082+00:00
13827388,deepseek__chat-temp0,improper_charges,2026-04-24T15:02:09.709288+00:00
13832705,deepseek__chat-temp0,improper_charges,2026-04-24T15:01:49.509710+00:00
13846800,deepseek__chat-temp0,improper_process,2026-04-24T15:01:59.842745+00:00
13849000,deepseek__chat-temp0,improper_charges,2026-04-24T15:02:13.954386+00:00
13855043,deepseek__chat-temp0,improper_process,2026-04-24T15:01:36.781571+00:00
13860992,deepseek__chat-temp0,improper_process,2026-04-24T15:01:46.886482+00:00
13875321,deepseek__chat-temp0,improper_charges,2026-04-24T15:02:00.891127+00:00
13890803,deepseek__chat-temp0,improper_process,2026-04-24T15:02:16.072949+00:00
13899038,deepseek__chat-temp0,improper_process,2026-04-24T15:01:43.856708+00:00
13923211,deepseek__chat-temp0,improper_process,2026-04-24T15:01:46.718477+00:00
13924900,deepseek__chat-temp0,improper_charges,2026-04-24T15:02:23.026863+00:00
13935895,deepseek__chat-temp0,deceptive_discriminatory,2026-04-24T15:01:58.282402+00:00
13958141,deepseek__chat-temp0,improper_charges,2026-04-24T15:01:49.693070+00:00
13961800,deepseek__chat-temp0,improper_charges,2026-04-24T15:02:03.743184+00:00
13966994,deepseek__chat-temp0,improper_process,2026-04-24T15:02:10.868801+00:00
13975881,deepseek__chat-temp0,improper_charges,2026-04-24T15:02:25.585945+00:00
13976568,deepseek__chat-temp0,improper_charges,2026-04-24T15:02:25.209824+00:00
13978482,deepseek__chat-temp0,improper_process,2026-04-24T15:01:44.010726+00:00
13993716,deepseek__chat-temp0,improper_process,2026-04-24T15:02:22.726115+00:00
13995671,deepseek__chat-temp0,improper_process,2026-04-24T15:01:42.237453+00:00
13995841,deepseek__chat-temp0,improper_process,2026-04-24T15:01:38.058221+00:00
14005683,deepseek__chat-temp0,deceptive_discriminatory,2026-04-24T15:01:45.435685+00:00
14059311,deepseek__chat-temp0,deceptive_discriminatory,2026-04-24T15:01:56.330664+00:00
14060182,deepseek__chat-temp0,improper_process,2026-04-24T15:01:37.971671+00:00
14071155,deepseek__chat-temp0,improper_charges,2026-04-24T15:02:18.030655+00:00
14077168,deepseek__chat-temp0,improper_process,2026-04-24T15:02:13.849522+00:00
14077259,deepseek__chat-temp0,improper_charges,2026-04-24T15:02:03.692140+00:00
14078618,deepseek__chat-temp0,improper_process,2026-04-24T15:01:37.121747+00:00
14089671,deepseek__chat-temp0,deceptive_discriminatory,2026-04-24T15:02:28.387674+00:00
14128678,deepseek__chat-temp0,improper_charges,2026-04-24T15:02:08.576602+00:00
14136663,deepseek__chat-temp0,improper_process,2026-04-24T15:02:34.274379+00:00
14136966,deepseek__chat-temp0,improper_process,2026-04-24T15:02:18.887169+00:00
14149355,deepseek__chat-temp0,improper_process,2026-04-24T15:01:45.652562+00:00
14154053,deepseek__chat-temp0,improper_process,2026-04-24T15:01:38.055584+00:00
14154247,deepseek__chat-temp0,improper_charges,2026-04-24T15:02:27.771226+00:00
14155450,deepseek__chat-temp0,deceptive_discriminatory,2026-04-24T15:02:03.533342+00:00
14173185,deepseek__chat-temp0,improper_process,2026-04-24T15:02:04.715298+00:00
14174827,deepseek__chat-temp0,improper_process,2026-04-24T15:02:11.113741+00:00
14186904,deepseek__chat-temp0,improper_charges,2026-04-24T15:02:02.198982+00:00
14188858,deepseek__chat-temp0,improper_charges,2026-04-24T15:01:57.044544+00:00
14195288,deepseek__chat-temp0,improper_charges,2026-04-24T15:01:48.756391+00:00
14202411,deepseek__chat-temp0,improper_charges,2026-04-24T15:02:27.456482+00:00
14216211,deepseek__chat-temp0,improper_charges,2026-04-24T15:01:58.286019+00:00
14216249,deepseek__chat-temp0,improper_charges,2026-04-24T15:02:18.149063+00:00
14245338,deepseek__chat-temp0,improper_process,2026-04-24T15:02:18.918172+00:00
14246426,deepseek__chat-temp0,deceptive_discriminatory,2026-04-24T15:01:55.162994+00:00
14258502,deepseek__chat-temp0,deceptive_discriminatory,2026-04-24T15:02:11.253318+00:00
14276886,deepseek__chat-temp0,improper_process,2026-04-24T15:02:35.465587+00:00
14280758,deepseek__chat-temp0,improper_process,2026-04-24T15:01:38.102577+00:00
14281252,deepseek__chat-temp0,improper_process,2026-04-24T15:02:17.643837+00:00
14296621,deepseek__chat-temp0,improper_process,2026-04-24T15:01:59.816137+00:00
14304649,deepseek__chat-temp0,improper_process,2026-04-24T15:01:49.291544+00:00
14307645,deepseek__chat-temp0,improper_process,2026-04-24T15:02:24.109859+00:00
14311126,deepseek__chat-temp0,improper_charges,2026-04-24T15:02:12.779457+00:00
14313859,deepseek__chat-temp0,improper_process,2026-04-24T15:02:18.360186+00:00
14314382,deepseek__chat-temp0,improper_process,2026-04-24T15:01:36.755259+00:00
14324481,deepseek__chat-temp0,improper_charges,2026-04-24T15:02:29.594392+00:00
14331197,deepseek__chat-temp0,deceptive_discriminatory,2026-04-24T15:01:44.394947+00:00
14350623,deepseek__chat-temp0,deceptive_discriminatory,2026-04-24T15:02:05.119040+00:00
14356846,deepseek__chat-temp0,improper_process,2026-04-24T15:02:01.045045+00:00
14365235,deepseek__chat-temp0,improper_process,2026-04-24T15:02:00.347675+00:00
14365315,deepseek__chat-temp0,improper_process,2026-04-24T15:02:28.270766+00:00
14370426,deepseek__chat-temp0,improper_process,2026-04-24T15:02:08.631691+00:00
14374704,deepseek__chat-temp0,deceptive_discriminatory,2026-04-24T15:02:24.618499+00:00
14377878,deepseek__chat-temp0,improper_charges,2026-04-24T15:01:35.566698+00:00
14395579,deepseek__chat-temp0,improper_process,2026-04-24T15:02:33.791510+00:00
14395775,deepseek__chat-temp0,improper_process,2026-04-24T15:02:22.280650+00:00
14400449,deepseek__chat-temp0,improper_charges,2026-04-24T15:02:01.652512+00:00
14424873,deepseek__chat-temp0,improper_process,2026-04-24T15:02:06.054322+00:00
14440315,deepseek__chat-temp0,improper_charges,2026-04-24T15:02:16.760298+00:00
14443246,deepseek__chat-temp0,improper_process,2026-04-24T15:01:49.508888+00:00
14444667,deepseek__chat-temp0,improper_charges,2026-04-24T15:01:40.427280+00:00
14446093,deepseek__chat-temp0,improper_process,2026-04-24T15:02:32.965465+00:00
14453927,deepseek__chat-temp0,improper_process,2026-04-24T15:01:58.743466+00:00
14470206,deepseek__chat-temp0,improper_process,2026-04-24T15:01:43.441012+00:00
14479186,deepseek__chat-temp0,deceptive_discriminatory,2026-04-24T15:01:55.872298+00:00
14479408,deepseek__chat-temp0,improper_charges,2026-04-24T15:01:35.926229+00:00
14505591,deepseek__chat-temp0,improper_process,2026-04-24T15:01:45.615736+00:00
14512093,deepseek__chat-temp0,improper_charges,2026-04-24T15:01:35.470789+00:00
14515596,deepseek__chat-temp0,improper_charges,2026-04-24T15:02:26.276722+00:00
14516305,deepseek__chat-temp0,improper_process,2026-04-24T15:02:03.733769+00:00
14532199,deepseek__chat-temp0,deceptive_discriminatory,2026-04-24T15:02:25.377618+00:00
14540832,deepseek__chat-temp0,improper_charges,2026-04-24T15:02:23.780075+00:00
14547020,deepseek__chat-temp0,improper_charges,2026-04-24T15:02:31.523261+00:00
14566305,deepseek__chat-temp0,deceptive_discriminatory,2026-04-24T15:02:16.286954+00:00
14567541,deepseek__chat-temp0,improper_process,2026-04-24T15:01:41.785596+00:00
14573709,deepseek__chat-temp0,improper_process,2026-04-24T15:02:27.545199+00:00
14574353,deepseek__chat-temp0,improper_charges,2026-04-24T15:02:32.468120+00:00
14592535,deepseek__chat-temp0,improper_process,2026-04-24T15:02:34.127561+00:00
14612214,deepseek__chat-temp0,improper_process,2026-04-24T15:02:02.258459+00:00
14619080,deepseek__chat-temp0,deceptive_discriminatory,2026-04-24T15:01:57.376722+00:00
14620078,deepseek__chat-temp0,improper_process,2026-04-24T15:02:33.464677+00:00
14622518,deepseek__chat-temp0,deceptive_discriminatory,2026-04-24T15:01:47.245375+00:00
14623067,deepseek__chat-temp0,improper_process,2026-04-24T15:01:41.749908+00:00
14624138,deepseek__chat-temp0,improper_charges,2026-04-24T15:01:55.800105+00:00
14636897,deepseek__chat-temp0,deceptive_discriminatory,2026-04-24T15:01:49.564738+00:00
14640869,deepseek__chat-temp0,improper_process,2026-04-24T15:02:17.693612+00:00
14665976,deepseek__chat-temp0,improper_charges,2026-04-24T15:02:14.859586+00:00
14679594,deepseek__chat-temp0,improper_charges,2026-04-24T15:01:45.672252+00:00
14680760,deepseek__chat-temp0,improper_charges,2026-04-24T15:01:59.670944+00:00
14681483,deepseek__chat-temp0,deceptive_discriminatory,2026-04-24T15:01:58.687594+00:00
14681553,deepseek__chat-temp0,improper_charges,2026-04-24T15:02:11.339628+00:00
14687741,deepseek__chat-temp0,improper_charges,2026-04-24T15:01:58.515392+00:00
14702868,deepseek__chat-temp0,improper_process,2026-04-24T15:01:41.507754+00:00
14704315,deepseek__chat-temp0,improper_process,2026-04-24T15:01:40.600383+00:00
14704547,deepseek__chat-temp0,improper_charges,2026-04-24T15:01:57.376949+00:00
14705866,deepseek__chat-temp0,improper_process,2026-04-24T15:01:51.828609+00:00
14710373,deepseek__chat-temp0,improper_charges,2026-04-24T15:01:44.310751+00:00
14714706,deepseek__chat-temp0,deceptive_discriminatory,2026-04-24T15:02:11.345845+00:00
14718632,deepseek__chat-temp0,improper_process,2026-04-24T15:02:26.730709+00:00
14725342,deepseek__chat-temp0,improper_process,2026-04-24T15:01:37.762427+00:00
14728877,deepseek__chat-temp0,improper_charges,2026-04-24T15:01:54.490876+00:00
14734012,deepseek__chat-temp0,improper_process,2026-04-24T15:01:39.376591+00:00
14738227,deepseek__chat-temp0,improper_process,2026-04-24T15:02:30.588368+00:00
14742065,deepseek__chat-temp0,improper_process,2026-04-24T15:02:06.161823+00:00
14752769,deepseek__chat-temp0,deceptive_discriminatory,2026-04-24T15:01:52.207765+00:00
14754906,deepseek__chat-temp0,improper_charges,2026-04-24T15:01:55.807289+00:00
14766413,deepseek__chat-temp0,improper_process,2026-04-24T14:59:40.008943+00:00
14775073,deepseek__chat-temp0,improper_process,2026-04-24T15:01:47.054255+00:00
14777812,deepseek__chat-temp0,improper_process,2026-04-24T15:01:43.975429+00:00
14784935,deepseek__chat-temp0,deceptive_discriminatory,2026-04-24T15:01:55.636639+00:00
14786337,deepseek__chat-temp0,improper_process,2026-04-24T15:02:12.441911+00:00
14803197,deepseek__chat-temp0,improper_charges,2026-04-24T15:01:54.796035+00:00
14804701,deepseek__chat-temp0,improper_process,2026-04-24T15:02:29.699992+00:00
14817561,deepseek__chat-temp0,improper_charges,2026-04-24T15:02:25.871066+00:00
14834182,deepseek__chat-temp0,deceptive_discriminatory,2026-04-24T15:02:19.788711+00:00
14840077,deepseek__chat-temp0,improper_process,2026-04-24T15:01:37.451212+00:00
14861207,deepseek__chat-temp0,improper_process,2026-04-24T15:01:49.816743+00:00
14869736,deepseek__chat-temp0,improper_process,2026-04-24T15:02:03.662410+00:00
14882572,deepseek__chat-temp0,improper_charges,2026-04-24T15:02:31.453579+00:00
14908285,deepseek__chat-temp0,improper_charges,2026-04-24T15:01:43.489127+00:00
14909401,deepseek__chat-temp0,deceptive_discriminatory,2026-04-24T15:01:36.800190+00:00
14910101,deepseek__chat-temp0,improper_process,2026-04-24T15:01:42.784630+00:00
14915428,deepseek__chat-temp0,improper_charges,2026-04-24T15:02:20.648565+00:00
14920303,deepseek__chat-temp0,improper_process,2026-04-24T15:01:53.341411+00:00
14923441,deepseek__chat-temp0,improper_charges,2026-04-24T15:02:13.633689+00:00
14926968,deepseek__chat-temp0,improper_process,2026-04-24T15:02:24.002695+00:00
14929529,deepseek__chat-temp0,improper_process,2026-04-24T15:02:33.043952+00:00
14929681,deepseek__chat-temp0,improper_process,2026-04-24T15:01:45.688452+00:00
14930563,deepseek__chat-temp0,improper_charges,2026-04-24T15:01:56.113669+00:00
14931133,deepseek__chat-temp0,improper_process,2026-04-24T15:02:29.096370+00:00
14935706,deepseek__chat-temp0,improper_process,2026-04-24T15:02:24.326380+00:00
14942676,deepseek__chat-temp0,improper_process,2026-04-24T15:02:26.231675+00:00
14953492,deepseek__chat-temp0,improper_charges,2026-04-24T15:02:19.169269+00:00
14955898,deepseek__chat-temp0,improper_charges,2026-04-24T15:01:42.933582+00:00
14957822,deepseek__chat-temp0,improper_process,2026-04-24T15:02:11.323666+00:00
14960869,deepseek__chat-temp0,improper_process,2026-04-24T15:01:59.507381+00:00
14972281,deepseek__chat-temp0,improper_charges,2026-04-24T15:02:23.940072+00:00
14994111,deepseek__chat-temp0,improper_process,2026-04-24T15:02:19.983062+00:00
14998436,deepseek__chat-temp0,improper_charges,2026-04-24T15:02:12.125703+00:00
15009044,deepseek__chat-temp0,improper_process,2026-04-24T15:01:56.969511+00:00
15013528,deepseek__chat-temp0,improper_process,2026-04-24T15:01:43.894696+00:00
15019483,deepseek__chat-temp0,deceptive_discriminatory,2026-04-24T15:02:02.673563+00:00
15021125,deepseek__chat-temp0,improper_process,2026-04-24T15:01:50.763693+00:00
15032230,deepseek__chat-temp0,improper_process,2026-04-24T15:02:07.171659+00:00
15066372,deepseek__chat-temp0,improper_charges,2026-04-24T15:02:06.891801+00:00
15068443,deepseek__chat-temp0,improper_charges,2026-04-24T15:01:45.641109+00:00
15070425,deepseek__chat-temp0,improper_charges,2026-04-24T15:02:18.784305+00:00
15077525,deepseek__chat-temp0,improper_process,2026-04-24T15:02:08.700656+00:00
15090337,deepseek__chat-temp0,improper_charges,2026-04-24T15:01:59.081709+00:00
15095246,deepseek__chat-temp0,improper_charges,2026-04-24T15:01:59.883352+00:00
15095649,deepseek__chat-temp0,deceptive_discriminatory,2026-04-24T15:01:46.886746+00:00
15099110,deepseek__chat-temp0,improper_process,2026-04-24T15:02:07.626457+00:00
15100917,deepseek__chat-temp0,improper_process,2026-04-24T15:01:53.269153+00:00
15126478,deepseek__chat-temp0,improper_charges,2026-04-24T15:02:20.404002+00:00
15134915,deepseek__chat-temp0,improper_charges,2026-04-24T15:02:32.745704+00:00
15142893,deepseek__chat-temp0,improper_process,2026-04-24T15:02:01.452709+00:00
15146736,deepseek__chat-temp0,deceptive_discriminatory,2026-04-24T15:02:23.422244+00:00
15147043,deepseek__chat-temp0,improper_process,2026-04-24T15:01:54.476236+00:00
15150634,deepseek__chat-temp0,deceptive_discriminatory,2026-04-24T15:02:15.266708+00:00
15167812,deepseek__chat-temp0,improper_charges,2026-04-24T15:02:26.710124+00:00
15168112,deepseek__chat-temp0,improper_process,2026-04-24T15:02:19.595709+00:00
15182282,deepseek__chat-temp0,improper_charges,2026-04-24T15:01:44.830322+00:00
15204620,deepseek__chat-temp0,improper_process,2026-04-24T15:02:17.483814+00:00
15207063,deepseek__chat-temp0,improper_process,2026-04-24T15:02:26.714992+00:00
15208080,deepseek__chat-temp0,improper_charges,2026-04-24T15:02:11.113100+00:00
15225478,deepseek__chat-temp0,improper_process,2026-04-24T15:01:43.055901+00:00
15227200,deepseek__chat-temp0,improper_charges,2026-04-24T15:01:54.496511+00:00
15231803,deepseek__chat-temp0,improper_process,2026-04-24T15:01:58.489133+00:00
15233058,deepseek__chat-temp0,deceptive_discriminatory,2026-04-24T15:02:32.171125+00:00
15233480,deepseek__chat-temp0,improper_charges,2026-04-24T15:02:31.998622+00:00
15235314,deepseek__chat-temp0,deceptive_discriminatory,2026-04-24T15:01:54.805282+00:00
15236842,deepseek__chat-temp0,improper_process,2026-04-24T15:02:04.988630+00:00
15237861,deepseek__chat-temp0,improper_process,2026-04-24T15:01:53.271393+00:00
15239629,deepseek__chat-temp0,improper_charges,2026-04-24T15:01:53.462319+00:00
15240358,deepseek__chat-temp0,improper_process,2026-04-24T15:02:22.285499+00:00
15248455,deepseek__chat-temp0,improper_process,2026-04-24T15:01:51.821893+00:00
15252977,deepseek__chat-temp0,improper_process,2026-04-24T15:01:58.422287+00:00
15263701,deepseek__chat-temp0,deceptive_discriminatory,2026-04-24T15:02:03.664501+00:00
15265818,deepseek__chat-temp0,improper_charges,2026-04-24T15:02:08.443789+00:00
15265882,deepseek__chat-temp0,deceptive_discriminatory,2026-04-24T15:02:21.370537+00:00
15289092,deepseek__chat-temp0,improper_process,2026-04-24T15:02:31.941440+00:00
15290823,deepseek__chat-temp0,improper_process,2026-04-24T15:01:35.454510+00:00
15316128,deepseek__chat-temp0,improper_process,2026-04-24T15:02:25.971271+00:00
15316363,deepseek__chat-temp0,improper_charges,2026-04-24T15:01:58.955548+00:00
15329840,deepseek__chat-temp0,improper_charges,2026-04-24T15:01:39.385456+00:00
15336655,deepseek__chat-temp0,improper_process,2026-04-24T15:02:10.169369+00:00
15374687,deepseek__chat-temp0,improper_process,2026-04-24T15:02:21.159839+00:00
15374731,deepseek__chat-temp0,improper_charges,2026-04-24T15:02:21.991371+00:00
15378744,deepseek__chat-temp0,deceptive_discriminatory,2026-04-24T15:02:28.506345+00:00
15400013,deepseek__chat-temp0,deceptive_discriminatory,2026-04-24T15:02:36.771586+00:00
15435102,deepseek__chat-temp0,improper_charges,2026-04-24T15:02:33.862131+00:00
15442250,deepseek__chat-temp0,improper_charges,2026-04-24T15:02:32.226155+00:00
15447856,deepseek__chat-temp0,improper_process,2026-04-24T15:02:35.142407+00:00
15452389,deepseek__chat-temp0,improper_process,2026-04-24T15:02:15.628533+00:00
15463386,deepseek__chat-temp0,improper_process,2026-04-24T15:02:09.766651+00:00
15479980,deepseek__chat-temp0,improper_charges,2026-04-24T15:01:52.470904+00:00
15492875,deepseek__chat-temp0,improper_process,2026-04-24T15:02:09.025358+00:00
15498890,deepseek__chat-temp0,deceptive_discriminatory,2026-04-24T15:01:38.235790+00:00
15500894,deepseek__chat-temp0,deceptive_discriminatory,2026-04-24T15:02:37.095539+00:00
15502763,deepseek__chat-temp0,improper_charges,2026-04-24T15:01:40.408096+00:00
15504579,deepseek__chat-temp0,deceptive_discriminatory,2026-04-24T15:02:20.105892+00:00
15527598,deepseek__chat-temp0,improper_charges,2026-04-24T15:02:17.666559+00:00
15529230,deepseek__chat-temp0,improper_charges,2026-04-24T15:01:35.651277+00:00
15531207,deepseek__chat-temp0,improper_process,2026-04-24T15:02:32.463129+00:00
15532249,deepseek__chat-temp0,improper_charges,2026-04-24T15:01:41.826902+00:00
15535529,deepseek__chat-temp0,deceptive_discriminatory,2026-04-24T15:01:40.609517+00:00
15546657,deepseek__chat-temp0,improper_process,2026-04-24T15:01:59.755401+00:00
15556783,deepseek__chat-temp0,improper_process,2026-04-24T15:02:26.237172+00:00
15573015,deepseek__chat-temp0,improper_charges,2026-04-24T15:02:11.255945+00:00
15593304,deepseek__chat-temp0,improper_process,2026-04-24T15:02:13.867344+00:00
15594332,deepseek__chat-temp0,improper_charges,2026-04-24T15:01:46.886229+00:00
15608317,deepseek__chat-temp0,improper_charges,2026-04-24T15:01:37.976031+00:00
15608706,deepseek__chat-temp0,deceptive_discriminatory,2026-04-24T15:01:36.957843+00:00
15623138,deepseek__chat-temp0,deceptive_discriminatory,2026-04-24T15:02:09.823512+00:00
15629621,deepseek__chat-temp0,deceptive_discriminatory,2026-04-24T15:02:12.768872+00:00
15630816,deepseek__chat-temp0,improper_charges,2026-04-24T15:01:37.081500+00:00
15634597,deepseek__chat-temp0,improper_process,2026-04-24T15:01:35.877264+00:00
15637148,deepseek__chat-temp0,improper_charges,2026-04-24T15:02:21.412161+00:00
15639871,deepseek__chat-temp0,improper_charges,2026-04-24T15:02:13.466742+00:00
15648424,deepseek__chat-temp0,deceptive_discriminatory,2026-04-24T15:01:44.348839+00:00
15651907,deepseek__chat-temp0,improper_process,2026-04-24T15:01:38.864764+00:00
15670607,deepseek__chat-temp0,improper_process,2026-04-24T15:01:41.868944+00:00
15674081,deepseek__chat-temp0,improper_charges,2026-04-24T15:02:34.275269+00:00
15681533,deepseek__chat-temp0,improper_charges,2026-04-24T15:02:36.082915+00:00
15686608,deepseek__chat-temp0,improper_process,2026-04-24T15:01:39.132743+00:00
15691171,deepseek__chat-temp0,improper_charges,2026-04-24T15:02:12.094007+00:00
15695918,deepseek__chat-temp0,improper_process,2026-04-24T15:01:38.296924+00:00
15696452,deepseek__chat-temp0,improper_process,2026-04-24T15:01:45.844172+00:00
15702140,deepseek__chat-temp0,deceptive_discriminatory,2026-04-24T15:02:16.107550+00:00
15724869,deepseek__chat-temp0,improper_charges,2026-04-24T15:01:44.265735+00:00
15724962,deepseek__chat-temp0,improper_charges,2026-04-24T15:02:05.035197+00:00
15752922,deepseek__chat-temp0,improper_process,2026-04-24T15:02:22.086846+00:00
15773819,deepseek__chat-temp0,improper_charges,2026-04-24T15:02:11.112454+00:00
15795048,deepseek__chat-temp0,improper_charges,2026-04-24T15:01:43.226812+00:00
15800751,deepseek__chat-temp0,improper_charges,2026-04-24T15:02:22.271515+00:00
15804293,deepseek__chat-temp0,deceptive_discriminatory,2026-04-24T15:02:26.506468+00:00
15809090,deepseek__chat-temp0,improper_charges,2026-04-24T15:01:55.995687+00:00
15822889,deepseek__chat-temp0,improper_charges,2026-04-24T15:02:35.655763+00:00
15841127,deepseek__chat-temp0,deceptive_discriminatory,2026-04-24T15:01:46.901784+00:00
15841439,deepseek__chat-temp0,deceptive_discriminatory,2026-04-24T15:02:14.512387+00:00
15843624,deepseek__chat-temp0,improper_process,2026-04-24T15:02:26.923220+00:00
15850126,deepseek__chat-temp0,improper_process,2026-04-24T15:02:00.095757+00:00
15854362,deepseek__chat-temp0,deceptive_discriminatory,2026-04-24T15:01:53.243873+00:00
15872903,deepseek__chat-temp0,improper_charges,2026-04-24T15:02:27.241720+00:00
15884004,deepseek__chat-temp0,improper_process,2026-04-24T15:02:07.341326+00:00
15887773,deepseek__chat-temp0,improper_charges,2026-04-24T15:02:17.576925+00:00
15890941,deepseek__chat-temp0,improper_charges,2026-04-24T15:01:57.377198+00:00
15893192,deepseek__chat-temp0,improper_process,2026-04-24T15:02:27.970911+00:00
15894264,deepseek__chat-temp0,improper_process,2026-04-24T15:02:07.206649+00:00
15918615,deepseek__chat-temp0,improper_process,2026-04-24T15:02:35.931414+00:00
15944154,deepseek__chat-temp0,improper_process,2026-04-24T15:01:58.741120+00:00
15983307,deepseek__chat-temp0,improper_charges,2026-04-24T15:02:12.137838+00:00
15989219,deepseek__chat-temp0,improper_charges,2026-04-24T15:01:37.023589+00:00
15989936,deepseek__chat-temp0,deceptive_discriminatory,2026-04-24T15:01:43.410548+00:00
15996333,deepseek__chat-temp0,improper_process,2026-04-24T15:02:01.043606+00:00
16005953,deepseek__chat-temp0,improper_charges,2026-04-24T15:02:01.334233+00:00
16034608,deepseek__chat-temp0,improper_charges,2026-04-24T15:01:36.596026+00:00
16054935,deepseek__chat-temp0,improper_charges,2026-04-24T15:01:52.509062+00:00
16057167,deepseek__chat-temp0,improper_charges,2026-04-24T15:02:31.644716+00:00
16061476,deepseek__chat-temp0,deceptive_discriminatory,2026-04-24T15:02:16.829175+00:00
16071377,deepseek__chat-temp0,deceptive_discriminatory,2026-04-24T15:02:00.767226+00:00
16072178,deepseek__chat-temp0,improper_process,2026-04-24T15:02:06.170483+00:00
16082875,deepseek__chat-temp0,improper_process,2026-04-24T15:01:40.070016+00:00
16096914,deepseek__chat-temp0,improper_process,2026-04-24T15:02:36.123090+00:00
16100380,deepseek__chat-temp0,improper_charges,2026-04-24T15:01:43.948936+00:00
16105710,deepseek__chat-temp0,improper_process,2026-04-24T15:02:30.296541+00:00
16107495,deepseek__chat-temp0,deceptive_discriminatory,2026-04-24T15:02:21.276172+00:00
16119831,deepseek__chat-temp0,improper_charges,2026-04-24T15:02:13.408661+00:00
16129232,deepseek__chat-temp0,improper_charges,2026-04-24T15:01:52.135336+00:00
16131767,deepseek__chat-temp0,improper_process,2026-04-24T15:02:01.970751+00:00
16135438,deepseek__chat-temp0,improper_charges,2026-04-24T15:01:46.728411+00:00
16139547,deepseek__chat-temp0,improper_process,2026-04-24T15:02:07.361476+00:00
16140871,deepseek__chat-temp0,deceptive_discriminatory,2026-04-24T15:02:16.324991+00:00
16143488,deepseek__chat-temp0,improper_charges,2026-04-24T15:01:50.858709+00:00
16147650,deepseek__chat-temp0,improper_process,2026-04-24T15:01:40.601378+00:00
16161275,deepseek__chat-temp0,improper_charges,2026-04-24T15:01:53.375068+00:00
16170258,deepseek__chat-temp0,deceptive_discriminatory,2026-04-24T15:01:46.082577+00:00
16176426,deepseek__chat-temp0,improper_process,2026-04-24T15:02:08.623502+00:00
16177893,deepseek__chat-temp0,improper_process,2026-04-24T15:01:38.165720+00:00
16204820,deepseek__chat-temp0,improper_charges,2026-04-24T15:02:16.434749+00:00
16216566,deepseek__chat-temp0,improper_process,2026-04-24T15:02:20.969965+00:00
16236574,deepseek__chat-temp0,improper_process,2026-04-24T15:01:52.130191+00:00
16238696,deepseek__chat-temp0,improper_process,2026-04-24T15:01:38.116564+00:00
16254199,deepseek__chat-temp0,improper_process,2026-04-24T15:02:05.241819+00:00
16266659,deepseek__chat-temp0,improper_charges,2026-04-24T15:01:36.815589+00:00
16267932,deepseek__chat-temp0,improper_process,2026-04-24T15:01:48.341253+00:00
16279861,deepseek__chat-temp0,improper_charges,2026-04-24T15:02:07.215730+00:00
16290584,deepseek__chat-temp0,improper_charges,2026-04-24T15:01:48.159609+00:00
16293862,deepseek__chat-temp0,deceptive_discriminatory,2026-04-24T15:02:25.514548+00:00
16294953,deepseek__chat-temp0,improper_process,2026-04-24T15:02:24.580402+00:00
16302684,deepseek__chat-temp0,improper_process,2026-04-24T15:02:14.716333+00:00
16306669,deepseek__chat-temp0,improper_charges,2026-04-24T15:02:26.782360+00:00
16309227,deepseek__chat-temp0,deceptive_discriminatory,2026-04-24T15:01:43.212403+00:00
16331093,deepseek__chat-temp0,deceptive_discriminatory,2026-04-24T15:01:40.423360+00:00
16346270,deepseek__chat-temp0,deceptive_discriminatory,2026-04-24T15:01:40.683168+00:00
16349897,deepseek__chat-temp0,improper_charges,2026-04-24T15:02:03.886637+00:00
16351040,deepseek__chat-temp0,deceptive_discriminatory,2026-04-24T15:02:33.736044+00:00
16385775,deepseek__chat-temp0,improper_charges,2026-04-24T15:01:43.013825+00:00
16392462,deepseek__chat-temp0,improper_process,2026-04-24T15:02:26.000212+00:00
16393683,deepseek__chat-temp0,improper_charges,2026-04-24T15:01:51.899099+00:00
16420530,deepseek__chat-temp0,improper_charges,2026-04-24T15:02:24.638179+00:00
16421092,deepseek__chat-temp0,improper_charges,2026-04-24T15:01:48.250420+00:00
16426331,deepseek__chat-temp0,improper_process,2026-04-24T15:01:51.085814+00:00
16464371,deepseek__chat-temp0,improper_charges,2026-04-24T15:01:45.422583+00:00
16510388,deepseek__chat-temp0,improper_charges,2026-04-24T15:02:33.214707+00:00
16564466,deepseek__chat-temp0,improper_process,2026-04-24T15:02:04.715753+00:00
16565350,deepseek__chat-temp0,improper_charges,2026-04-24T15:02:01.044092+00:00
16586237,deepseek__chat-temp0,deceptive_discriminatory,2026-04-24T15:01:59.504174+00:00
16593914,deepseek__chat-temp0,improper_process,2026-04-24T15:02:02.271882+00:00
16624993,deepseek__chat-temp0,improper_process,2026-04-24T15:02:22.374587+00:00
16631613,deepseek__chat-temp0,improper_charges,2026-04-24T15:01:59.748396+00:00
16643807,deepseek__chat-temp0,improper_charges,2026-04-24T15:02:31.780079+00:00
16665822,deepseek__chat-temp0,improper_process,2026-04-24T14:59:40.194691+00:00
16703355,deepseek__chat-temp0,improper_process,2026-04-24T15:02:32.707628+00:00
16706230,deepseek__chat-temp0,improper_process,2026-04-24T15:02:04.233418+00:00
16710406,deepseek__chat-temp0,deceptive_discriminatory,2026-04-24T15:02:16.957142+00:00
16715628,deepseek__chat-temp0,deceptive_discriminatory,2026-04-24T15:01:38.284273+00:00
16715951,deepseek__chat-temp0,improper_charges,2026-04-24T15:01:59.994025+00:00
16717684,deepseek__chat-temp0,improper_process,2026-04-24T15:01:48.167089+00:00
16720024,deepseek__chat-temp0,improper_charges,2026-04-24T15:02:12.765141+00:00
16727253,deepseek__chat-temp0,improper_process,2026-04-24T15:02:27.052870+00:00
16733981,deepseek__chat-temp0,improper_process,2026-04-24T15:01:50.819844+00:00
16738033,deepseek__chat-temp0,improper_process,2026-04-24T15:01:38.104650+00:00
16754593,deepseek__chat-temp0,deceptive_discriminatory,2026-04-24T15:02:24.831648+00:00
16756604,deepseek__chat-temp0,improper_process,2026-04-24T15:02:16.433709+00:00
16761956,deepseek__chat-temp0,improper_charges,2026-04-24T15:01:48.165053+00:00
16768086,deepseek__chat-temp0,improper_process,2026-04-24T15:02:29.218011+00:00
16768433,deepseek__chat-temp0,improper_process,2026-04-24T15:01:48.207335+00:00
16794462,deepseek__chat-temp0,improper_charges,2026-04-24T15:02:03.397697+00:00
16800435,deepseek__chat-temp0,improper_process,2026-04-24T15:01:45.380654+00:00
16805910,deepseek__chat-temp0,improper_charges,2026-04-24T15:01:42.905104+00:00
16812819,deepseek__chat-temp0,improper_process,2026-04-24T15:02:34.793222+00:00
16813691,deepseek__chat-temp0,deceptive_discriminatory,2026-04-24T15:02:33.326216+00:00
16839503,deepseek__chat-temp0,improper_process,2026-04-24T15:01:35.649665+00:00
16840236,deepseek__chat-temp0,improper_charges,2026-04-24T15:02:13.812217+00:00
16842973,deepseek__chat-temp0,improper_process,2026-04-24T15:02:12.503923+00:00
16843120,deepseek__chat-temp0,improper_charges,2026-04-24T15:02:22.902727+00:00
16845464,deepseek__chat-temp0,improper_process,2026-04-24T15:02:20.105487+00:00
16863588,deepseek__chat-temp0,deceptive_discriminatory,2026-04-24T15:02:23.525352+00:00
16871058,deepseek__chat-temp0,improper_charges,2026-04-24T15:01:46.937191+00:00
16872480,deepseek__chat-temp0,improper_process,2026-04-24T15:02:03.743440+00:00
16890639,deepseek__chat-temp0,deceptive_discriminatory,2026-04-24T15:01:39.549364+00:00
16891898,deepseek__chat-temp0,deceptive_discriminatory,2026-04-24T15:02:26.994430+00:00
16894068,deepseek__chat-temp0,improper_charges,2026-04-24T15:02:06.596956+00:00
16924304,deepseek__chat-temp0,improper_charges,2026-04-24T15:02:28.088547+00:00
16932903,deepseek__chat-temp0,improper_charges,2026-04-24T14:59:40.178418+00:00
16937297,deepseek__chat-temp0,deceptive_discriminatory,2026-04-24T15:02:31.353067+00:00
16950623,deepseek__chat-temp0,deceptive_discriminatory,2026-04-24T15:01:54.990917+00:00
16959030,deepseek__chat-temp0,improper_charges,2026-04-24T15:02:16.574276+00:00
16973199,deepseek__chat-temp0,improper_process,2026-04-24T15:01:47.635192+00:00
16974791,deepseek__chat-temp0,deceptive_discriminatory,2026-04-24T15:01:35.717986+00:00
16989402,deepseek__chat-temp0,deceptive_discriminatory,2026-04-24T15:02:26.501826+00:00
16992400,deepseek__chat-temp0,improper_charges,2026-04-24T15:01:36.918809+00:00
16995879,deepseek__chat-temp0,improper_charges,2026-04-24T15:02:32.013542+00:00
17007403,deepseek__chat-temp0,deceptive_discriminatory,2026-04-24T15:01:47.969906+00:00
17008533,deepseek__chat-temp0,improper_process,2026-04-24T15:02:12.585355+00:00
17029550,deepseek__chat-temp0,deceptive_discriminatory,2026-04-24T15:02:05.597441+00:00
17037975,deepseek__chat-temp0,improper_process,2026-04-24T15:02:11.326061+00:00
17039590,deepseek__chat-temp0,improper_charges,2026-04-24T15:02:31.655819+00:00
17041202,deepseek__chat-temp0,deceptive_discriminatory,2026-04-24T15:01:57.900560+00:00
17067490,deepseek__chat-temp0,improper_charges,2026-04-24T15:01:41.533233+00:00
17068205,deepseek__chat-temp0,improper_process,2026-04-24T15:02:17.240252+00:00
17080530,deepseek__chat-temp0,deceptive_discriminatory,2026-04-24T15:02:09.963148+00:00
17081973,deepseek__chat-temp0,improper_process,2026-04-24T15:01:54.532399+00:00
17082725,deepseek__chat-temp0,improper_charges,2026-04-24T15:02:20.953736+00:00
17083708,deepseek__chat-temp0,improper_process,2026-04-24T15:02:31.123741+00:00
17083842,deepseek__chat-temp0,deceptive_discriminatory,2026-04-24T15:02:25.726853+00:00
17095868,deepseek__chat-temp0,improper_process,2026-04-24T15:02:34.792196+00:00
17106228,deepseek__chat-temp0,improper_process,2026-04-24T15:01:42.827848+00:00
17110998,deepseek__chat-temp0,improper_process,2026-04-24T15:01:46.095523+00:00
17113795,deepseek__chat-temp0,improper_charges,2026-04-24T15:02:21.869797+00:00
17121250,deepseek__chat-temp0,improper_process,2026-04-24T15:02:04.755187+00:00
17122374,deepseek__chat-temp0,improper_charges,2026-04-24T15:02:17.642208+00:00
17127705,deepseek__chat-temp0,improper_charges,2026-04-24T15:02:14.859867+00:00
17142175,deepseek__chat-temp0,improper_charges,2026-04-24T14:59:40.140552+00:00
17154509,deepseek__chat-temp0,improper_process,2026-04-24T15:01:53.352403+00:00
17156432,deepseek__chat-temp0,deceptive_discriminatory,2026-04-24T15:02:17.098337+00:00
17163716,deepseek__chat-temp0,improper_charges,2026-04-24T15:02:11.006281+00:00
17172564,deepseek__chat-temp0,improper_process,2026-04-24T15:01:36.917299+00:00
17186513,deepseek__chat-temp0,improper_process,2026-04-24T15:02:21.943081+00:00
17202509,deepseek__chat-temp0,deceptive_discriminatory,2026-04-24T15:02:04.780029+00:00
17214209,deepseek__chat-temp0,improper_charges,2026-04-24T15:02:02.232007+00:00
17216945,deepseek__chat-temp0,improper_charges,2026-04-24T14:59:40.150332+00:00
17219980,deepseek__chat-temp0,improper_process,2026-04-24T15:01:57.515791+00:00
17220908,deepseek__chat-temp0,improper_charges,2026-04-24T15:01:45.695186+00:00
17223413,deepseek__chat-temp0,improper_charges,2026-04-24T15:01:36.760319+00:00
17230853,deepseek__chat-temp0,improper_process,2026-04-24T15:01:55.800711+00:00
17254219,deepseek__chat-temp0,improper_charges,2026-04-24T15:02:19.857169+00:00
17256629,deepseek__chat-temp0,improper_charges,2026-04-24T15:01:54.646452+00:00
17258506,deepseek__chat-temp0,improper_charges,2026-04-24T15:01:38.131319+00:00
17260689,deepseek__chat-temp0,improper_process,2026-04-24T15:02:35.008370+00:00
17262423,deepseek__chat-temp0,deceptive_discriminatory,2026-04-24T15:02:27.632658+00:00
17283561,deepseek__chat-temp0,improper_charges,2026-04-24T15:01:44.054073+00:00
17284715,deepseek__chat-temp0,improper_process,2026-04-24T15:02:34.566800+00:00
17301295,deepseek__chat-temp0,improper_process,2026-04-24T14:59:40.108136+00:00
17303351,deepseek__chat-temp0,improper_process,2026-04-24T15:02:30.805708+00:00
17328416,deepseek__chat-temp0,deceptive_discriminatory,2026-04-24T15:02:06.134607+00:00
17328499,deepseek__chat-temp0,deceptive_discriminatory,2026-04-24T15:02:20.136866+00:00
17328703,deepseek__chat-temp0,improper_process,2026-04-24T15:01:52.799975+00:00
17329962,deepseek__chat-temp0,improper_charges,2026-04-24T15:02:23.438863+00:00
17334561,deepseek__chat-temp0,improper_charges,2026-04-24T15:02:15.612780+00:00
17353078,deepseek__chat-temp0,improper_process,2026-04-24T15:02:13.550532+00:00
17353738,deepseek__chat-temp0,improper_process,2026-04-24T15:01:53.458204+00:00
17358434,deepseek__chat-temp0,improper_process,2026-04-24T14:59:40.024034+00:00
17360538,deepseek__chat-temp0,deceptive_discriminatory,2026-04-24T14:59:40.172238+00:00
17360629,deepseek__chat-temp0,improper_process,2026-04-24T15:02:33.834100+00:00
17364271,deepseek__chat-temp0,improper_process,2026-04-24T15:02:20.759372+00:00
17369756,deepseek__chat-temp0,improper_charges,2026-04-24T15:02:06.077359+00:00
17387675,deepseek__chat-temp0,improper_charges,2026-04-24T15:02:22.824815+00:00
17401735,deepseek__chat-temp0,improper_charges,2026-04-24T15:01:52.464436+00:00
17429150,deepseek__chat-temp0,deceptive_discriminatory,2026-04-24T15:02:03.346311+00:00
17454458,deepseek__chat-temp0,improper_charges,2026-04-24T15:02:18.432419+00:00
17467230,deepseek__chat-temp0,improper_charges,2026-04-24T15:02:32.200302+00:00
17525515,deepseek__chat-temp0,improper_charges,2026-04-24T15:02:06.298744+00:00
17536089,deepseek__chat-temp0,improper_process,2026-04-24T15:02:07.881706+00:00
17536155,deepseek__chat-temp0,improper_charges,2026-04-24T15:02:01.103390+00:00
17600342,deepseek__chat-temp0,improper_process,2026-04-24T15:02:36.021354+00:00
17619605,deepseek__chat-temp0,improper_charges,2026-04-24T15:02:09.815040+00:00
17753390,deepseek__chat-temp0,improper_charges,2026-04-24T15:02:00.819258+00:00
17754909,deepseek__chat-temp0,improper_charges,2026-04-24T15:02:01.162605+00:00
17757666,deepseek__chat-temp0,improper_process,2026-04-24T15:02:08.767202+00:00
17759911,deepseek__chat-temp0,improper_charges,2026-04-24T15:02:05.419171+00:00
17761019,deepseek__chat-temp0,deceptive_discriminatory,2026-04-24T15:02:03.662647+00:00
17762329,deepseek__chat-temp0,improper_charges,2026-04-24T15:02:29.821848+00:00
17762908,deepseek__chat-temp0,improper_charges,2026-04-24T15:01:35.760360+00:00
17828838,deepseek__chat-temp0,improper_charges,2026-04-24T15:02:36.726463+00:00
17829996,deepseek__chat-temp0,improper_charges,2026-04-24T15:01:40.793773+00:00
17831398,deepseek__chat-temp0,improper_process,2026-04-24T15:01:37.768981+00:00
17836278,deepseek__chat-temp0,improper_charges,2026-04-24T15:01:53.177837+00:00
17847682,deepseek__chat-temp0,improper_process,2026-04-24T15:02:33.526563+00:00
17848373,deepseek__chat-temp0,improper_process,2026-04-24T15:01:59.829676+00:00
17866623,deepseek__chat-temp0,improper_process,2026-04-24T15:01:54.934163+00:00
17869325,deepseek__chat-temp0,improper_process,2026-04-24T15:02:16.519174+00:00
17870141,deepseek__chat-temp0,improper_charges,2026-04-24T15:02:14.240170+00:00
17871416,deepseek__chat-temp0,improper_process,2026-04-24T15:02:01.045549+00:00
17874509,deepseek__chat-temp0,improper_charges,2026-04-24T15:02:22.370273+00:00
17875350,deepseek__chat-temp0,improper_charges,2026-04-24T15:02:03.039927+00:00
17877394,deepseek__chat-temp0,improper_process,2026-04-24T15:01:48.495185+00:00
17877895,deepseek__chat-temp0,improper_process,2026-04-24T15:02:25.108992+00:00
17879305,deepseek__chat-temp0,deceptive_discriminatory,2026-04-24T15:02:30.068630+00:00
17887209,deepseek__chat-temp0,improper_process,2026-04-24T15:02:19.582514+00:00
17887985,deepseek__chat-temp0,improper_charges,2026-04-24T15:01:51.205922+00:00
17895629,deepseek__chat-temp0,deceptive_discriminatory,2026-04-24T15:01:43.216982+00:00
17901041,deepseek__chat-temp0,improper_process,2026-04-24T15:02:31.381159+00:00
17901186,deepseek__chat-temp0,improper_process,2026-04-24T15:02:34.287824+00:00
17901792,deepseek__chat-temp0,improper_process,2026-04-24T15:02:13.551670+00:00
17905549,deepseek__chat-temp0,improper_charges,2026-04-24T15:02:06.288109+00:00
17916163,deepseek__chat-temp0,improper_charges,2026-04-24T15:02:29.833499+00:00
17925796,deepseek__chat-temp0,improper_charges,2026-04-24T15:02:34.791695+00:00
17933102,deepseek__chat-temp0,improper_process,2026-04-24T15:02:04.985651+00:00
17936966,deepseek__chat-temp0,improper_process,2026-04-24T15:02:24.050225+00:00
17937456,deepseek__chat-temp0,improper_charges,2026-04-24T15:02:36.180934+00:00
17952468,deepseek__chat-temp0,improper_process,2026-04-24T15:01:50.920503+00:00
17995077,deepseek__chat-temp0,deceptive_discriminatory,2026-04-24T15:02:17.483188+00:00
17996359,deepseek__chat-temp0,deceptive_discriminatory,2026-04-24T15:02:29.409820+00:00
17998325,deepseek__chat-temp0,improper_process,2026-04-24T15:02:14.519989+00:00
18010041,deepseek__chat-temp0,deceptive_discriminatory,2026-04-24T15:02:18.904142+00:00
18030230,deepseek__chat-temp0,deceptive_discriminatory,2026-04-24T15:02:07.431744+00:00
18031673,deepseek__chat-temp0,improper_charges,2026-04-24T15:01:47.993785+00:00
18037295,deepseek__chat-temp0,deceptive_discriminatory,2026-04-24T15:02:01.152115+00:00
18041402,deepseek__chat-temp0,improper_charges,2026-04-24T15:01:49.509998+00:00
18045356,deepseek__chat-temp0,improper_charges,2026-04-24T15:01:46.885700+00:00
18048041,deepseek__chat-temp0,improper_charges,2026-04-24T15:01:46.986823+00:00
18049586,deepseek__chat-temp0,improper_charges,2026-04-24T15:02:29.247479+00:00
18060314,deepseek__chat-temp0,improper_process,2026-04-24T15:02:07.338217+00:00
18060539,deepseek__chat-temp0,improper_charges,2026-04-24T15:01:49.509364+00:00
18065299,deepseek__chat-temp0,improper_process,2026-04-24T15:02:24.439997+00:00
18080785,deepseek__chat-temp0,improper_charges,2026-04-24T15:02:12.556128+00:00
18109805,deepseek__chat-temp0,improper_process,2026-04-24T15:01:50.939934+00:00
18112213,deepseek__chat-temp0,improper_process,2026-04-24T15:01:38.204677+00:00
18114692,deepseek__chat-temp0,improper_charges,2026-04-24T15:02:06.119866+00:00
18116002,deepseek__chat-temp0,improper_process,2026-04-24T15:01:45.516001+00:00
18123284,deepseek__chat-temp0,improper_charges,2026-04-24T15:02:27.975133+00:00
18125543,deepseek__chat-temp0,improper_charges,2026-04-24T15:02:20.644887+00:00
18139163,deepseek__chat-temp0,improper_process,2026-04-24T15:02:16.176900+00:00
18146393,deepseek__chat-temp0,improper_charges,2026-04-24T15:02:00.912610+00:00
18147247,deepseek__chat-temp0,deceptive_discriminatory,2026-04-24T15:01:56.901490+00:00
18149733,deepseek__chat-temp0,improper_process,2026-04-24T15:01:38.157423+00:00
18158054,deepseek__chat-temp0,improper_charges,2026-04-24T15:01:42.845248+00:00
18161403,deepseek__chat-temp0,improper_charges,2026-04-24T15:01:55.800988+00:00
18164411,deepseek__chat-temp0,improper_charges,2026-04-24T15:01:55.403340+00:00
18239063,deepseek__chat-temp0,improper_charges,2026-04-24T15:02:32.895387+00:00
18246074,deepseek__chat-temp0,improper_process,2026-04-24T15:02:22.949956+00:00
18281826,deepseek__chat-temp0,improper_process,2026-04-24T15:02:10.131467+00:00
18296655,deepseek__chat-temp0,improper_process,2026-04-24T15:02:07.868693+00:00
18316270,deepseek__chat-temp0,improper_process,2026-04-24T15:02:02.443591+00:00
18320629,deepseek__chat-temp0,improper_process,2026-04-24T15:02:06.184020+00:00
18321421,deepseek__chat-temp0,improper_charges,2026-04-24T15:02:11.014350+00:00
18335888,deepseek__chat-temp0,improper_charges,2026-04-24T15:02:31.123515+00:00
18341312,deepseek__chat-temp0,improper_process,2026-04-24T15:01:42.238527+00:00
18342994,deepseek__chat-temp0,improper_process,2026-04-24T15:02:28.013197+00:00
18343958,deepseek__chat-temp0,improper_charges,2026-04-24T15:02:29.019790+00:00
18345803,deepseek__chat-temp0,improper_process,2026-04-24T15:02:12.306571+00:00
18345817,deepseek__chat-temp0,improper_process,2026-04-24T15:01:58.675790+00:00
18346989,deepseek__chat-temp0,improper_process,2026-04-24T15:02:21.680468+00:00
18348508,deepseek__chat-temp0,deceptive_discriminatory,2026-04-24T15:01:46.764757+00:00
18375053,deepseek__chat-temp0,improper_process,2026-04-24T15:02:06.447488+00:00
18380187,deepseek__chat-temp0,improper_process,2026-04-24T15:02:33.375743+00:00
18380323,deepseek__chat-temp0,improper_process,2026-04-24T15:01:39.920398+00:00
18384440,deepseek__chat-temp0,improper_charges,2026-04-24T15:02:36.001841+00:00
18392828,deepseek__chat-temp0,improper_charges,2026-04-24T15:01:50.819496+00:00
18395356,deepseek__chat-temp0,improper_process,2026-04-24T15:01:40.401958+00:00
18395452,deepseek__chat-temp0,improper_process,2026-04-24T15:01:38.869556+00:00
18397355,deepseek__chat-temp0,improper_charges,2026-04-24T15:02:03.664748+00:00
18408264,deepseek__chat-temp0,improper_charges,2026-04-24T15:02:21.520168+00:00
18415454,deepseek__chat-temp0,improper_charges,2026-04-24T15:01:55.272223+00:00
18419839,deepseek__chat-temp0,improper_charges,2026-04-24T15:02:33.345932+00:00
18420076,deepseek__chat-temp0,improper_charges,2026-04-24T15:01:39.216163+00:00
18447577,deepseek__chat-temp0,improper_charges,2026-04-24T15:02:28.638786+00:00
18490890,deepseek__chat-temp0,improper_process,2026-04-24T15:02:28.905473+00:00
18546369,deepseek__chat-temp0,improper_charges,2026-04-24T15:02:06.147491+00:00
18562624,deepseek__chat-temp0,improper_charges,2026-04-24T15:01:45.383313+00:00
18573513,deepseek__chat-temp0,improper_charges,2026-04-24T15:02:13.957531+00:00
18574596,deepseek__chat-temp0,improper_process,2026-04-24T15:02:13.698035+00:00
18575033,deepseek__chat-temp0,improper_charges,2026-04-24T15:01:41.644771+00:00
18576875,deepseek__chat-temp0,improper_process,2026-04-24T15:02:18.788914+00:00
18581315,deepseek__chat-temp0,deceptive_discriminatory,2026-04-24T15:01:35.994140+00:00
18583445,deepseek__chat-temp0,improper_process,2026-04-24T15:02:11.006911+00:00
18584681,deepseek__chat-temp0,improper_process,2026-04-24T15:02:22.730942+00:00
18600023,deepseek__chat-temp0,improper_charges,2026-04-24T14:59:40.167662+00:00
18607954,deepseek__chat-temp0,improper_charges,2026-04-24T15:01:50.608334+00:00
18615947,deepseek__chat-temp0,improper_charges,2026-04-24T15:02:29.829768+00:00
18619479,deepseek__chat-temp0,improper_charges,2026-04-24T15:01:41.744185+00:00
18636028,deepseek__chat-temp0,improper_charges,2026-04-24T15:02:28.782586+00:00
18638176,deepseek__chat-temp0,deceptive_discriminatory,2026-04-24T15:02:35.452270+00:00
18640097,deepseek__chat-temp0,improper_charges,2026-04-24T15:02:37.070261+00:00
18650429,deepseek__chat-temp0,improper_process,2026-04-24T15:02:18.012622+00:00
18667481,deepseek__chat-temp0,improper_charges,2026-04-24T15:02:22.578067+00:00
18669656,deepseek__chat-temp0,improper_charges,2026-04-24T15:01:51.971543+00:00
18670332,deepseek__chat-temp0,improper_process,2026-04-24T15:01:43.063049+00:00
18678803,deepseek__chat-temp0,improper_charges,2026-04-24T15:02:15.207397+00:00
18681790,deepseek__chat-temp0,improper_charges,2026-04-24T15:01:36.918588+00:00
18684062,deepseek__chat-temp0,improper_process,2026-04-24T15:01:52.129883+00:00
18688615,deepseek__chat-temp0,improper_process,2026-04-24T15:02:02.457750+00:00
18691235,deepseek__chat-temp0,improper_process,2026-04-24T15:02:35.480301+00:00
18706327,deepseek__chat-temp0,improper_process,2026-04-24T15:02:10.151963+00:00
18716565,deepseek__chat-temp0,deceptive_discriminatory,2026-04-24T15:01:47.281282+00:00
18719678,deepseek__chat-temp0,improper_charges,2026-04-24T15:01:45.383760+00:00
18726971,deepseek__chat-temp0,deceptive_discriminatory,2026-04-24T15:02:29.542693+00:00
18727780,deepseek__chat-temp0,improper_process,2026-04-24T15:01:35.366172+00:00
18745295,deepseek__chat-temp0,improper_process,2026-04-24T15:02:15.804996+00:00
18788350,deepseek__chat-temp0,improper_process,2026-04-24T15:02:07.547339+00:00
18815638,deepseek__chat-temp0,improper_charges,2026-04-24T15:01:37.980256+00:00
18824792,deepseek__chat-temp0,improper_charges,2026-04-24T15:01:41.777808+00:00
18830813,deepseek__chat-temp0,improper_charges,2026-04-24T15:01:41.317437+00:00
18836040,deepseek__chat-temp0,improper_process,2026-04-24T15:02:02.478690+00:00
18852297,deepseek__chat-temp0,improper_charges,2026-04-24T15:02:05.302181+00:00
18855535,deepseek__chat-temp0,improper_charges,2026-04-24T15:01:55.900140+00:00
18858276,deepseek__chat-temp0,improper_charges,2026-04-24T15:02:10.324289+00:00
18867421,deepseek__chat-temp0,improper_process,2026-04-24T15:01:46.518007+00:00
18868692,deepseek__chat-temp0,improper_charges,2026-04-24T15:02:07.352814+00:00
18870820,deepseek__chat-temp0,improper_charges,2026-04-24T15:01:58.570228+00:00
18871431,deepseek__chat-temp0,deceptive_discriminatory,2026-04-24T15:02:19.194790+00:00
18883237,deepseek__chat-temp0,improper_charges,2026-04-24T15:02:24.068078+00:00
18889200,deepseek__chat-temp0,improper_process,2026-04-24T15:01:56.330339+00:00
18891739,deepseek__chat-temp0,deceptive_discriminatory,2026-04-24T15:02:31.161069+00:00
18901284,deepseek__chat-temp0,improper_charges,2026-04-24T15:02:27.647372+00:00
18906446,deepseek__chat-temp0,improper_charges,2026-04-24T15:02:37.045794+00:00
18906856,deepseek__chat-temp0,improper_charges,2026-04-24T15:02:08.632127+00:00
18915312,deepseek__chat-temp0,improper_process,2026-04-24T15:02:28.621452+00:00
18922682,deepseek__chat-temp0,improper_process,2026-04-24T15:02:04.716158+00:00
18927321,deepseek__chat-temp0,improper_process,2026-04-24T15:02:10.067361+00:00
18943183,deepseek__chat-temp0,improper_process,2026-04-24T15:02:15.590592+00:00
18957594,deepseek__chat-temp0,improper_charges,2026-04-24T15:02:06.533596+00:00
18965280,deepseek__chat-temp0,improper_charges,2026-04-24T15:02:12.531958+00:00
18967000,deepseek__chat-temp0,improper_process,2026-04-24T15:02:22.853409+00:00
18967512,deepseek__chat-temp0,improper_charges,2026-04-24T15:01:51.662208+00:00
18972124,deepseek__chat-temp0,improper_process,2026-04-24T15:02:34.946134+00:00
18994078,deepseek__chat-temp0,improper_charges,2026-04-24T15:01:51.395408+00:00
18996236,deepseek__chat-temp0,improper_charges,2026-04-24T15:01:35.522645+00:00
18999087,deepseek__chat-temp0,improper_process,2026-04-24T15:01:54.612594+00:00
19009790,deepseek__chat-temp0,improper_process,2026-04-24T15:01:59.818809+00:00
19010790,deepseek__chat-temp0,improper_charges,2026-04-24T15:02:04.930352+00:00
19023099,deepseek__chat-temp0,improper_charges,2026-04-24T15:01:57.698964+00:00
19026891,deepseek__chat-temp0,improper_charges,2026-04-24T15:01:57.574275+00:00
19034889,deepseek__chat-temp0,deceptive_discriminatory,2026-04-24T15:01:45.383534+00:00
19036670,deepseek__chat-temp0,improper_process,2026-04-24T15:02:11.284460+00:00
19037631,deepseek__chat-temp0,improper_charges,2026-04-24T15:02:34.891604+00:00
19040693,deepseek__chat-temp0,improper_process,2026-04-24T15:02:08.910023+00:00
19090286,deepseek__chat-temp0,improper_charges,2026-04-24T15:02:30.234272+00:00
19107799,deepseek__chat-temp0,improper_process,2026-04-24T15:02:33.596736+00:00
19112824,deepseek__chat-temp0,improper_charges,2026-04-24T15:01:56.445541+00:00
19118557,deepseek__chat-temp0,improper_charges,2026-04-24T15:02:23.263372+00:00
19119681,deepseek__chat-temp0,deceptive_discriminatory,2026-04-24T15:02:02.622322+00:00
19119695,deepseek__chat-temp0,improper_process,2026-04-24T15:01:53.937672+00:00
19202742,deepseek__chat-temp0,improper_process,2026-04-24T15:02:12.115377+00:00
19211484,deepseek__chat-temp0,improper_charges,2026-04-24T15:02:09.958508+00:00
19214944,deepseek__chat-temp0,improper_process,2026-04-24T15:02:29.896556+00:00
19222741,deepseek__chat-temp0,improper_charges,2026-04-24T15:02:03.556430+00:00
19223224,deepseek__chat-temp0,improper_charges,2026-04-24T15:02:36.178618+00:00
19223636,deepseek__chat-temp0,improper_charges,2026-04-24T15:01:48.294158+00:00
19244260,deepseek__chat-temp0,improper_charges,2026-04-24T15:01:47.008209+00:00
19267468,deepseek__chat-temp0,deceptive_discriminatory,2026-04-24T15:02:02.275273+00:00
19343407,deepseek__chat-temp0,improper_charges,2026-04-24T15:02:15.185437+00:00
19353079,deepseek__chat-temp0,improper_process,2026-04-24T15:01:53.608545+00:00
19361764,deepseek__chat-temp0,improper_charges,2026-04-24T15:01:54.613443+00:00
19385990,deepseek__chat-temp0,deceptive_discriminatory,2026-04-24T15:02:14.512099+00:00
19386539,deepseek__chat-temp0,improper_process,2026-04-24T15:02:13.322914+00:00
19419322,deepseek__chat-temp0,deceptive_discriminatory,2026-04-24T15:01:42.564743+00:00
19419544,deepseek__chat-temp0,improper_charges,2026-04-24T15:02:33.213210+00:00
19447160,deepseek__chat-temp0,improper_process,2026-04-24T15:01:50.868774+00:00
19449595,deepseek__chat-temp0,improper_process,2026-04-24T15:02:29.074109+00:00
19453357,deepseek__chat-temp0,improper_charges,2026-04-24T15:01:38.779296+00:00
19509772,deepseek__chat-temp0,improper_charges,2026-04-24T15:02:07.774622+00:00
19514895,deepseek__chat-temp0,improper_charges,2026-04-24T15:01:35.544348+00:00
19515821,deepseek__chat-temp0,improper_charges,2026-04-24T15:01:57.275148+00:00
19524810,deepseek__chat-temp0,improper_charges,2026-04-24T15:02:25.252587+00:00
19531901,deepseek__chat-temp0,improper_charges,2026-04-24T15:01:49.590534+00:00
19576728,deepseek__chat-temp0,improper_charges,2026-04-24T15:01:46.702642+00:00
19583190,deepseek__chat-temp0,improper_charges,2026-04-24T15:02:34.792694+00:00
19622660,deepseek__chat-temp0,improper_charges,2026-04-24T15:02:01.044563+00:00
19629301,deepseek__chat-temp0,improper_charges,2026-04-24T15:02:30.885701+00:00
19658401,deepseek__chat-temp0,improper_charges,2026-04-24T15:01:35.694930+00:00
19658517,deepseek__chat-temp0,improper_charges,2026-04-24T15:02:01.275285+00:00
19662521,deepseek__chat-temp0,improper_charges,2026-04-24T15:02:28.276088+00:00
19669802,deepseek__chat-temp0,improper_process,2026-04-24T15:02:16.098998+00:00
19671825,deepseek__chat-temp0,improper_process,2026-04-24T15:02:32.300864+00:00
19681266,deepseek__chat-temp0,improper_process,2026-04-24T15:01:46.984279+00:00
19685434,deepseek__chat-temp0,deceptive_discriminatory,2026-04-24T15:02:08.382980+00:00
19785208,deepseek__chat-temp0,deceptive_discriminatory,2026-04-24T15:02:12.606362+00:00
19786881,deepseek__chat-temp0,improper_process,2026-04-24T15:02:17.599244+00:00
19883325,deepseek__chat-temp0,improper_charges,2026-04-24T15:02:18.429008+00:00
19971371,deepseek__chat-temp0,improper_charges,2026-04-24T15:01:49.583636+00:00
19985735,deepseek__chat-temp0,deceptive_discriminatory,2026-04-24T15:01:54.046983+00:00
20010699,deepseek__chat-temp0,improper_process,2026-04-24T15:02:01.330422+00:00
20019845,deepseek__chat-temp0,improper_charges,2026-04-24T15:01:48.169478+00:00
20044160,deepseek__chat-temp0,improper_charges,2026-04-24T15:01:42.027190+00:00
20098605,deepseek__chat-temp0,improper_process,2026-04-24T15:01:58.457428+00:00
20111446,deepseek__chat-temp0,improper_process,2026-04-24T15:01:46.894455+00:00
20130708,deepseek__chat-temp0,improper_process,2026-04-24T15:02:26.396702+00:00
20144174,deepseek__chat-temp0,improper_process,2026-04-24T14:59:40.125282+00:00
20179369,deepseek__chat-temp0,improper_charges,2026-04-24T15:02:18.774096+00:00
20236041,deepseek__chat-temp0,improper_process,2026-04-24T15:01:48.129569+00:00
20278285,deepseek__chat-temp0,improper_charges,2026-04-24T15:02:12.240845+00:00
20301694,deepseek__chat-temp0,improper_process,2026-04-24T15:01:56.194872+00:00
20344686,deepseek__chat-temp0,improper_charges,2026-04-24T15:02:32.541503+00:00
20489775,deepseek__chat-temp0,improper_process,2026-04-24T15:02:21.159498+00:00
20501688,deepseek__chat-temp0,improper_process,2026-04-24T15:02:23.431067+00:00
20567181,deepseek__chat-temp0,improper_charges,2026-04-24T15:01:43.216511+00:00
20606775,deepseek__chat-temp0,improper_process,2026-04-24T15:02:20.234521+00:00
20763158,deepseek__chat-temp0,improper_process,2026-04-24T15:02:07.732808+00:00
